Age;DistanceFromHome;Education;EnvironmentSatisfaction;JobSatisfaction;MonthlyIncome;NumCompaniesWorked;WorkLifeBalance;YearsAtCompany;Attrition;Department;EducationField;MaritalStatus
41;1;2;2;4;5993;8;1;6;1;Sales;Life Sciences;Single
49;8;1;3;2;5130;1;3;10;0;Research & Development;Life Sciences;Married
37;2;2;4;3;2090;6;3;0;1;Research & Development;Other;Single
33;3;4;4;3;2909;1;3;8;0;Research & Development;Life Sciences;Married
27;2;1;1;2;3468;9;3;2;0;Research & Development;Medical;Married
32;2;2;4;4;3068;0;2;7;0;Research & Development;Life Sciences;Single
59;3;3;3;1;2670;4;2;1;0;Research & Development;Medical;Married
30;24;1;4;3;2693;1;3;1;0;Research & Development;Life Sciences;Divorced
38;23;3;4;3;9526;0;3;9;0;Research & Development;Life Sciences;Single
36;27;3;3;3;5237;6;2;7;0;Research & Development;Medical;Married
35;16;3;1;2;2426;0;3;5;0;Research & Development;Medical;Married
29;15;2;4;3;4193;0;3;9;0;Research & Development;Life Sciences;Single
31;26;1;1;3;2911;1;2;5;0;Research & Development;Life Sciences;Divorced
34;19;2;2;4;2661;0;3;2;0;Research & Development;Medical;Divorced
28;24;3;3;3;2028;5;3;4;1;Research & Development;Life Sciences;Single
29;21;4;2;1;9980;1;3;10;0;Research & Development;Life Sciences;Divorced
32;5;2;1;2;3298;0;2;6;0;Research & Development;Life Sciences;Divorced
22;16;2;4;4;2935;1;2;1;0;Research & Development;Medical;Divorced
53;2;4;1;4;15427;2;3;25;0;Sales;Life Sciences;Married
38;2;3;4;4;3944;5;3;3;0;Research & Development;Life Sciences;Single
24;11;2;1;3;4011;0;2;4;0;Research & Development;Other;Divorced
36;9;4;3;1;3407;7;3;5;1;Sales;Life Sciences;Single
34;7;4;1;2;11994;0;3;12;0;Research & Development;Life Sciences;Single
21;15;2;3;4;1232;1;3;0;0;Research & Development;Life Sciences;Single
34;6;1;2;1;2960;2;3;4;1;Research & Development;Medical;Single
53;5;3;3;3;19094;4;2;14;0;Research & Development;Other;Divorced
32;16;1;2;1;3919;1;3;10;1;Research & Development;Life Sciences;Single
42;8;4;3;2;6825;0;3;9;0;Sales;Marketing;Married
44;7;4;1;4;10248;3;3;22;0;Research & Development;Medical;Married
46;2;4;2;1;18947;3;2;2;0;Sales;Marketing;Single
33;2;3;3;4;2496;4;3;1;0;Research & Development;Medical;Single
44;10;4;4;4;6465;2;4;4;0;Research & Development;Other;Married
30;9;2;4;3;2206;1;3;10;0;Research & Development;Medical;Single
39;5;3;4;4;2086;3;4;1;1;Sales;Technical Degree;Married
24;1;3;2;4;2293;2;2;2;1;Research & Development;Medical;Married
43;2;2;4;3;2645;1;2;5;0;Research & Development;Medical;Divorced
50;3;2;1;3;2683;1;3;3;1;Sales;Marketing;Married
35;2;3;4;4;2014;1;3;2;0;Sales;Marketing;Married
36;5;4;2;1;3419;9;4;1;0;Research & Development;Life Sciences;Married
33;1;3;3;1;5376;2;3;5;0;Sales;Life Sciences;Married
35;4;2;3;4;1951;1;3;1;0;Research & Development;Other;Divorced
27;2;4;4;1;2341;1;3;1;0;Research & Development;Life Sciences;Divorced
26;25;3;1;3;2293;1;2;1;1;Research & Development;Life Sciences;Single
27;8;3;4;3;8726;1;3;9;0;Sales;Life Sciences;Single
30;1;2;3;4;4011;1;3;12;0;Research & Development;Medical;Single
41;12;3;2;3;19545;1;3;22;1;Research & Development;Technical Degree;Married
34;23;4;2;3;4568;0;3;9;0;Sales;Marketing;Single
37;19;2;2;2;3022;4;3;1;0;Research & Development;Life Sciences;Married
46;5;4;1;4;5772;4;3;9;0;Sales;Marketing;Single
35;8;1;4;4;2269;1;3;1;0;Research & Development;Life Sciences;Married
48;1;2;1;3;5381;9;3;1;1;Research & Development;Life Sciences;Single
28;5;4;3;3;3441;1;2;2;1;Research & Development;Technical Degree;Single
44;1;5;2;1;5454;5;2;4;0;Sales;Marketing;Divorced
35;11;2;3;1;9884;2;3;4;0;Research & Development;Medical;Married
26;23;3;3;4;4157;7;2;2;0;Sales;Marketing;Married
33;1;2;1;4;13458;1;3;15;0;Research & Development;Life Sciences;Single
35;18;5;2;1;9069;1;2;9;0;Sales;Life Sciences;Married
35;23;4;3;1;4014;3;3;2;0;Research & Development;Medical;Married
31;7;4;4;4;5915;3;2;7;0;Research & Development;Life Sciences;Divorced
37;1;4;1;3;5993;1;4;7;0;Research & Development;Life Sciences;Divorced
32;1;3;1;4;6162;1;3;9;0;Research & Development;Medical;Married
38;29;5;4;4;2406;1;3;10;0;Research & Development;Life Sciences;Single
50;7;2;2;3;18740;5;2;27;0;Research & Development;Medical;Divorced
59;25;3;1;1;7637;7;2;21;0;Sales;Life Sciences;Single
36;8;3;3;3;10096;1;3;17;0;Research & Development;Technical Degree;Divorced
55;8;3;4;3;14756;2;3;5;0;Research & Development;Medical;Divorced
36;11;3;2;2;6499;1;3;6;0;Research & Development;Life Sciences;Single
45;7;3;2;1;9724;2;3;1;0;Research & Development;Life Sciences;Divorced
35;1;3;2;1;2194;4;2;3;0;Research & Development;Medical;Married
36;9;3;4;3;3388;0;2;1;1;Research & Development;Medical;Married
59;1;1;1;3;5473;7;2;4;0;Sales;Life Sciences;Single
29;2;3;3;2;2703;0;3;5;0;Research & Development;Life Sciences;Married
31;1;4;3;2;2501;1;3;1;0;Research & Development;Medical;Single
32;1;3;2;2;6220;1;3;10;0;Research & Development;Life Sciences;Married
36;6;3;2;4;3038;3;3;1;0;Research & Development;Life Sciences;Married
31;8;4;3;4;4424;1;3;11;0;Research & Development;Life Sciences;Single
35;1;4;3;1;4312;0;3;15;0;Sales;Marketing;Single
45;6;4;4;1;13245;4;4;0;0;Research & Development;Other;Married
37;7;4;1;3;13664;4;4;5;0;Research & Development;Medical;Single
46;5;2;2;2;5021;8;3;4;0;Human Resources;Medical;Divorced
30;1;1;4;4;5126;1;2;10;0;Research & Development;Life Sciences;Married
35;1;3;2;3;2859;1;3;6;0;Research & Development;Medical;Single
55;1;2;1;4;10239;3;3;1;0;Sales;Life Sciences;Married
38;6;3;2;4;5329;7;3;13;0;Research & Development;Medical;Divorced
34;1;2;1;2;4325;1;3;5;0;Research & Development;Medical;Married
56;7;3;4;4;7260;4;2;6;0;Research & Development;Life Sciences;Single
23;2;1;3;1;2322;3;3;0;0;Sales;Technical Degree;Divorced
51;9;4;4;4;2075;3;3;4;0;Research & Development;Life Sciences;Married
30;2;3;3;4;4152;1;3;11;0;Research & Development;Life Sciences;Married
46;9;2;3;4;9619;1;3;9;1;Sales;Medical;Single
40;1;4;3;2;13503;1;2;22;0;Research & Development;Life Sciences;Married
51;21;4;3;4;5441;0;1;10;0;Sales;Marketing;Single
30;4;2;3;2;5209;1;2;11;0;Sales;Medical;Divorced
46;1;3;3;1;10673;2;2;10;0;Research & Development;Medical;Married
32;6;4;2;3;5010;1;3;11;0;Sales;Medical;Single
54;2;4;1;3;13549;9;1;4;0;Research & Development;Technical Degree;Married
24;3;2;1;3;4999;0;2;3;0;Sales;Other;Married
28;4;3;2;3;4221;1;4;5;0;Sales;Medical;Married
58;10;4;4;3;13872;0;2;37;0;Sales;Medical;Single
44;23;3;2;2;2042;4;4;3;0;Research & Development;Medical;Married
37;6;4;3;1;2073;4;3;3;1;Human Resources;Human Resources;Divorced
32;1;1;4;1;2956;1;3;1;0;Research & Development;Life Sciences;Single
20;6;3;4;4;2926;1;3;1;1;Research & Development;Life Sciences;Single
34;6;4;1;3;4809;1;3;16;0;Research & Development;Other;Single
37;2;2;3;4;5163;5;4;1;0;Research & Development;Life Sciences;Divorced
59;2;4;3;4;18844;9;3;3;0;Human Resources;Human Resources;Married
50;1;3;1;2;18172;3;2;8;0;Research & Development;Life Sciences;Married
25;5;3;3;3;5744;1;3;6;1;Sales;Marketing;Single
25;7;1;4;4;2889;1;3;2;0;Research & Development;Medical;Married
22;15;3;2;4;2871;1;3;0;0;Research & Development;Medical;Single
51;1;4;1;1;7484;3;2;13;0;Research & Development;Medical;Single
34;7;3;1;3;6074;1;3;9;1;Research & Development;Life Sciences;Single
54;26;3;4;4;17328;2;3;5;0;Human Resources;Human Resources;Single
24;18;1;2;3;2774;0;3;5;0;Research & Development;Life Sciences;Married
34;6;4;3;2;4505;6;3;1;0;Research & Development;Life Sciences;Divorced
37;3;3;3;4;7428;2;3;5;0;Sales;Life Sciences;Single
34;5;3;3;1;11631;2;3;11;0;Research & Development;Medical;Single
36;11;2;2;4;9738;0;3;9;0;Sales;Technical Degree;Married
36;3;2;1;4;2835;5;3;1;0;Research & Development;Life Sciences;Divorced
43;26;2;3;4;16959;1;4;25;0;Sales;Life Sciences;Married
30;23;3;1;3;2613;1;2;10;0;Research & Development;Life Sciences;Divorced
33;22;2;3;2;6146;0;4;7;0;Sales;Marketing;Married
56;14;4;2;2;4963;9;3;5;1;Research & Development;Life Sciences;Married
51;6;3;1;3;19537;7;3;20;0;Research & Development;Life Sciences;Single
31;6;4;2;3;6172;4;2;7;1;Sales;Life Sciences;Married
26;6;3;3;2;2368;1;2;5;0;Research & Development;Other;Married
58;23;4;4;4;10312;1;2;40;1;Research & Development;Medical;Married
19;22;1;4;3;1675;1;2;0;1;Sales;Marketing;Single
22;2;1;3;4;2523;0;3;2;0;Research & Development;Technical Degree;Married
49;20;4;3;1;6567;1;2;15;0;Research & Development;Medical;Married
43;28;3;2;3;4739;4;3;3;0;Research & Development;Medical;Single
50;12;3;3;4;9208;4;3;2;0;Sales;Marketing;Single
31;20;3;2;3;4559;3;3;2;1;Sales;Life Sciences;Married
41;9;1;3;3;8189;3;3;9;0;Sales;Life Sciences;Divorced
26;25;1;3;3;2942;1;3;8;0;Human Resources;Life Sciences;Married
36;6;2;2;2;4941;6;3;3;0;Research & Development;Medical;Divorced
51;8;4;1;4;10650;2;3;4;1;Research & Development;Life Sciences;Single
39;4;4;4;3;5902;4;4;15;0;Sales;Life Sciences;Married
25;28;3;1;3;8639;2;3;2;0;Sales;Life Sciences;Married
30;9;3;3;4;6347;0;1;11;0;Human Resources;Human Resources;Married
32;9;3;1;1;4200;7;4;5;1;Research & Development;Medical;Single
45;29;3;3;4;3452;5;2;6;0;Research & Development;Medical;Single
38;3;5;4;3;4317;3;3;3;0;Research & Development;Technical Degree;Single
30;18;3;1;3;2632;1;2;5;0;Research & Development;Life Sciences;Single
32;9;2;4;4;4668;0;4;8;0;Sales;Medical;Divorced
30;5;3;4;1;3204;5;3;3;0;Research & Development;Technical Degree;Divorced
30;2;1;2;4;2720;0;3;5;0;Research & Development;Medical;Single
41;10;3;4;1;17181;4;2;7;0;Research & Development;Life Sciences;Divorced
41;9;4;3;1;2238;2;3;5;0;Research & Development;Life Sciences;Married
19;3;1;2;2;1483;1;3;1;0;Research & Development;Medical;Single
40;26;3;2;2;5605;1;3;20;0;Research & Development;Medical;Divorced
35;1;5;3;2;7295;1;3;10;0;Sales;Marketing;Married
53;6;2;2;3;2306;2;1;7;0;Sales;Marketing;Married
45;9;3;2;2;2348;8;1;17;0;Research & Development;Life Sciences;Divorced
32;8;3;2;4;8998;1;3;9;0;Sales;Marketing;Single
29;1;1;4;3;4319;1;3;10;0;Research & Development;Technical Degree;Married
51;7;4;2;3;6132;2;3;1;0;Research & Development;Medical;Married
58;9;3;2;2;3346;4;2;1;0;Research & Development;Medical;Married
40;4;4;3;4;10855;7;2;12;0;Sales;Marketing;Married
34;2;4;3;3;2231;6;3;4;0;Sales;Marketing;Married
22;19;1;3;4;2323;1;3;2;0;Research & Development;Medical;Married
27;9;3;4;2;2024;6;1;2;0;Research & Development;Medical;Divorced
28;21;3;3;4;2713;1;1;5;0;Research & Development;Medical;Married
57;24;2;3;4;9439;3;1;5;0;Research & Development;Life Sciences;Divorced
27;3;3;3;3;2566;1;2;1;0;Research & Development;Medical;Divorced
50;11;3;3;2;19926;3;3;5;0;Research & Development;Life Sciences;Single
41;14;3;1;3;2451;4;3;9;0;Research & Development;Life Sciences;Divorced
30;5;3;2;4;9419;2;3;10;0;Sales;Life Sciences;Married
38;1;4;1;4;8686;4;4;8;0;Sales;Life Sciences;Single
32;6;5;3;3;3038;3;3;5;0;Research & Development;Life Sciences;Single
27;17;3;3;2;3058;0;2;5;0;Research & Development;Technical Degree;Married
19;1;1;3;1;2325;0;4;0;1;Sales;Technical Degree;Single
36;3;2;4;2;2088;4;2;8;0;Research & Development;Medical;Single
30;9;3;3;1;3072;1;3;12;0;Research & Development;Medical;Divorced
45;4;2;3;1;5006;4;4;5;0;Sales;Life Sciences;Divorced
56;8;3;3;1;4257;4;3;2;0;Research & Development;Life Sciences;Divorced
33;2;3;3;4;2500;0;4;3;0;Research & Development;Life Sciences;Single
19;2;3;2;4;1102;1;2;1;1;Research & Development;Life Sciences;Single
46;1;2;2;1;10453;1;3;24;0;Sales;Marketing;Divorced
38;9;2;3;4;2288;1;3;2;0;Research & Development;Life Sciences;Single
31;12;1;3;4;3929;8;3;4;0;Research & Development;Medical;Married
34;27;2;4;2;2311;2;3;3;0;Research & Development;Medical;Single
41;20;2;2;2;3140;1;2;4;1;Sales;Marketing;Single
50;1;3;3;3;3690;2;2;3;0;Research & Development;Medical;Married
53;13;2;4;1;4450;1;3;4;0;Research & Development;Medical;Divorced
33;14;3;4;2;2756;1;3;8;0;Research & Development;Medical;Married
40;4;1;4;3;19033;1;3;20;0;Research & Development;Medical;Married
55;14;4;3;2;18722;8;3;24;0;Research & Development;Medical;Single
34;2;1;4;3;9547;1;2;10;0;Research & Development;Life Sciences;Married
51;3;3;4;2;13734;3;3;7;0;Research & Development;Medical;Single
52;1;4;3;3;19999;0;3;33;0;Research & Development;Life Sciences;Married
27;9;3;4;2;2279;1;2;7;0;Research & Development;Medical;Single
35;23;2;2;3;5916;3;3;1;1;Research & Development;Life Sciences;Married
43;7;3;4;4;2089;4;4;5;0;Research & Development;Medical;Divorced
45;2;2;1;4;16792;9;3;20;0;Research & Development;Medical;Married
37;21;3;2;1;3564;1;2;8;0;Research & Development;Life Sciences;Married
35;2;3;2;2;4425;5;3;6;0;Research & Development;Medical;Single
42;21;2;3;3;5265;2;3;5;0;Research & Development;Medical;Divorced
38;2;4;4;3;6553;9;3;1;0;Research & Development;Life Sciences;Married
38;29;3;4;4;6261;3;1;7;0;Research & Development;Technical Degree;Married
27;1;1;3;1;4298;5;3;2;0;Research & Development;Technical Degree;Married
49;18;4;4;4;6804;1;3;7;0;Research & Development;Life Sciences;Divorced
34;10;4;4;3;3815;1;4;5;0;Research & Development;Medical;Divorced
40;19;2;3;4;2741;8;4;7;0;Research & Development;Medical;Married
38;29;1;2;1;6673;7;3;1;1;Research & Development;Medical;Married
29;27;3;2;4;7639;1;2;10;1;Sales;Marketing;Married
22;5;3;4;2;2328;1;2;4;0;Research & Development;Life Sciences;Divorced
36;18;1;2;4;2153;1;3;8;0;Research & Development;Medical;Single
40;9;5;4;4;4876;9;1;3;0;Research & Development;Life Sciences;Married
46;1;4;4;1;9396;7;3;4;0;Research & Development;Medical;Divorced
32;4;4;4;4;10400;1;2;14;1;Sales;Medical;Married
30;1;1;3;3;8474;1;3;11;0;Research & Development;Life Sciences;Single
27;20;3;4;3;9981;1;3;7;0;Sales;Life Sciences;Single
51;8;4;2;2;12490;5;1;10;0;Research & Development;Life Sciences;Married
30;3;3;4;1;2657;5;3;5;1;Research & Development;Technical Degree;Single
41;6;3;4;4;13591;3;3;1;0;Sales;Life Sciences;Single
30;26;4;3;1;6696;5;2;6;1;Sales;Marketing;Single
29;1;3;3;3;2058;0;2;6;1;Research & Development;Technical Degree;Single
45;6;3;4;4;8865;6;3;19;0;Sales;Medical;Single
54;3;3;4;1;5940;2;3;6;0;Sales;Marketing;Married
36;5;2;4;2;5914;8;4;13;0;Research & Development;Life Sciences;Single
33;4;4;3;2;2622;6;3;3;0;Research & Development;Medical;Married
37;11;3;2;4;12185;1;3;10;0;Research & Development;Other;Divorced
38;3;3;1;3;10609;0;2;16;0;Sales;Life Sciences;Divorced
31;1;4;3;3;4345;0;3;5;0;Research & Development;Medical;Married
59;3;3;3;4;2177;3;3;1;0;Research & Development;Life Sciences;Married
37;4;4;1;4;2793;4;3;9;0;Sales;Marketing;Divorced
29;1;1;2;4;7918;1;3;11;0;Sales;Medical;Married
35;1;3;3;3;8789;1;4;10;0;Sales;Marketing;Single
29;18;1;3;4;2389;1;2;4;1;Research & Development;Medical;Single
52;2;3;3;4;3212;7;2;2;0;Research & Development;Life Sciences;Single
42;4;2;3;4;19232;1;3;22;0;Research & Development;Technical Degree;Married
59;6;2;2;3;2267;8;2;2;0;Human Resources;Medical;Married
50;1;4;4;4;19517;3;2;7;0;Sales;Medical;Divorced
33;14;3;3;4;2436;5;1;5;1;Research & Development;Medical;Married
43;16;3;4;4;16064;5;3;17;0;Sales;Marketing;Married
33;2;2;1;1;2707;7;4;9;1;Research & Development;Life Sciences;Married
52;2;4;1;3;19068;1;4;33;0;Sales;Life Sciences;Single
32;4;2;3;2;3931;2;3;4;0;Sales;Life Sciences;Married
32;1;3;4;3;3730;0;1;3;1;Research & Development;Life Sciences;Single
39;1;4;3;3;2232;7;3;3;0;Research & Development;Medical;Divorced
32;26;4;3;4;4465;0;3;3;0;Sales;Marketing;Married
41;19;2;3;1;3072;2;2;1;0;Research & Development;Life Sciences;Divorced
40;24;2;1;4;3319;1;3;9;0;Research & Development;Technical Degree;Divorced
45;1;3;3;4;19202;0;3;24;0;Research & Development;Other;Married
31;3;4;2;3;13675;9;3;2;0;Research & Development;Medical;Divorced
33;5;4;3;4;2911;1;2;2;0;Research & Development;Life Sciences;Married
34;2;4;4;1;5957;6;3;11;0;Research & Development;Life Sciences;Married
37;1;2;3;1;3920;2;2;3;0;Research & Development;Medical;Married
45;7;4;1;3;6434;4;3;3;0;Research & Development;Life Sciences;Married
37;10;3;1;3;10048;6;3;1;1;Research & Development;Medical;Divorced
39;2;4;3;3;10938;0;3;19;0;Research & Development;Technical Degree;Single
29;15;3;3;4;2340;1;3;6;0;Research & Development;Life Sciences;Single
42;17;2;4;1;6545;3;3;3;0;Research & Development;Life Sciences;Single
29;20;2;4;4;6931;2;3;3;0;Sales;Marketing;Divorced
25;1;3;1;3;4898;0;3;4;0;Research & Development;Life Sciences;Married
42;2;3;4;1;2593;0;3;9;0;Research & Development;Medical;Divorced
40;2;2;1;3;19436;0;3;21;0;Research & Development;Medical;Divorced
51;1;3;3;4;2723;1;2;1;0;Research & Development;Life Sciences;Married
31;29;2;3;2;3479;0;4;5;1;Research & Development;Medical;Single
32;7;3;2;2;2794;1;1;5;0;Research & Development;Life Sciences;Married
38;2;2;4;4;5249;3;3;8;0;Sales;Life Sciences;Married
32;2;1;4;1;2176;4;3;6;0;Research & Development;Technical Degree;Single
46;2;3;3;2;16872;3;2;7;0;Sales;Technical Degree;Married
28;2;4;1;3;3485;2;1;0;1;Research & Development;Life Sciences;Single
29;2;3;1;2;6644;2;3;0;0;Sales;Medical;Married
31;23;3;2;4;5582;0;3;9;0;Research & Development;Medical;Married
25;5;2;2;1;4000;1;3;6;0;Research & Development;Life Sciences;Divorced
45;20;2;3;4;13496;0;3;20;0;Research & Development;Medical;Married
36;6;3;4;4;3210;0;3;15;0;Research & Development;Life Sciences;Married
55;1;3;4;1;19045;0;3;36;0;Research & Development;Medical;Single
47;29;4;1;2;11849;1;2;10;1;Research & Development;Life Sciences;Married
28;9;3;4;4;2070;1;2;5;0;Research & Development;Medical;Married
37;6;4;3;4;6502;4;4;5;0;Sales;Medical;Married
21;3;2;4;3;3230;1;4;3;0;Research & Development;Medical;Single
37;1;4;1;4;13603;2;3;5;0;Research & Development;Medical;Divorced
35;22;3;2;2;11996;7;2;7;0;Research & Development;Life Sciences;Divorced
38;7;2;1;1;5605;1;3;8;0;Sales;Medical;Divorced
26;1;3;3;2;6397;1;1;6;0;Research & Development;Life Sciences;Divorced
50;4;1;1;2;19144;3;2;10;0;Research & Development;Life Sciences;Divorced
53;3;4;3;3;17584;3;2;5;0;Research & Development;Medical;Married
42;1;1;2;3;4907;1;3;20;0;Sales;Life Sciences;Married
29;2;2;2;4;4554;1;2;10;0;Sales;Life Sciences;Single
55;20;2;2;4;5415;3;3;10;0;Research & Development;Technical Degree;Married
26;11;2;1;1;4741;1;3;5;0;Research & Development;Medical;Married
37;1;3;4;4;2115;1;3;17;0;Research & Development;Life Sciences;Single
44;24;3;4;3;3161;3;1;1;1;Research & Development;Life Sciences;Divorced
38;23;4;4;4;5745;9;3;2;0;Research & Development;Life Sciences;Divorced
26;16;4;1;2;2373;2;3;3;1;Research & Development;Medical;Divorced
28;8;2;4;4;3310;1;3;5;0;Research & Development;Life Sciences;Single
49;10;4;3;1;18665;9;3;3;0;Research & Development;Life Sciences;Single
36;3;3;3;2;4485;4;3;8;0;Research & Development;Technical Degree;Single
31;5;3;4;2;2789;1;2;2;0;Sales;Marketing;Divorced
26;4;4;4;4;5828;1;3;8;1;Sales;Marketing;Single
37;9;3;2;4;2326;1;2;4;0;Research & Development;Medical;Married
42;26;3;3;2;13525;5;4;20;0;Sales;Marketing;Married
18;3;3;3;3;1420;1;3;0;1;Research & Development;Life Sciences;Single
35;16;3;3;2;8020;0;2;11;0;Sales;Marketing;Married
36;18;4;3;4;3688;4;3;1;0;Research & Development;Life Sciences;Married
51;2;3;4;2;5482;5;3;4;0;Research & Development;Medical;Divorced
41;2;4;4;2;16015;1;3;22;0;Sales;Life Sciences;Single
18;10;3;4;3;1200;1;3;0;0;Sales;Medical;Single
28;16;2;2;1;5661;0;3;8;0;Research & Development;Medical;Single
31;7;3;2;4;6929;4;2;8;0;Sales;Technical Degree;Married
39;1;3;3;4;9613;0;2;18;0;Research & Development;Medical;Divorced
36;24;4;2;2;5674;7;3;9;0;Research & Development;Life Sciences;Married
32;7;3;4;3;5484;1;2;13;0;Sales;Life Sciences;Married
38;25;2;1;2;12061;3;3;10;0;Research & Development;Life Sciences;Married
58;1;4;4;3;5660;2;3;5;0;Research & Development;Life Sciences;Divorced
31;5;4;3;4;4821;0;3;5;0;Research & Development;Technical Degree;Married
31;2;3;1;1;6410;3;3;2;0;Human Resources;Human Resources;Married
45;7;3;1;1;5210;1;3;24;0;Research & Development;Life Sciences;Divorced
31;2;4;3;4;2695;0;1;2;0;Research & Development;Life Sciences;Divorced
33;5;4;4;2;11878;6;3;10;0;Research & Development;Life Sciences;Married
39;10;1;3;1;17068;1;3;21;0;Research & Development;Medical;Married
43;10;4;3;4;2455;0;3;8;0;Research & Development;Life Sciences;Single
49;1;2;3;3;13964;7;3;7;0;Research & Development;Technical Degree;Single
52;8;4;3;2;4941;2;2;8;1;Research & Development;Medical;Married
27;5;3;3;2;2478;1;2;4;0;Research & Development;Life Sciences;Single
32;8;2;3;2;5228;1;3;13;0;Sales;Technical Degree;Married
27;2;3;4;3;4478;1;3;5;0;Sales;Life Sciences;Single
31;7;3;4;4;7547;4;3;7;0;Sales;Marketing;Divorced
32;2;4;1;4;5055;7;2;7;0;Research & Development;Medical;Single
28;2;4;1;4;3464;5;2;3;1;Research & Development;Medical;Married
30;28;2;4;4;5775;1;3;10;0;Research & Development;Medical;Married
31;7;2;3;3;8943;1;3;10;0;Research & Development;Life Sciences;Married
39;7;2;3;4;19272;1;3;21;0;Research & Development;Medical;Married
39;3;2;4;3;5238;4;2;1;1;Sales;Medical;Married
33;10;3;2;4;4682;3;2;7;0;Sales;Marketing;Single
47;5;5;4;3;18300;4;3;3;0;Research & Development;Life Sciences;Married
43;10;4;3;3;5257;1;4;9;0;Research & Development;Life Sciences;Divorced
27;1;1;3;2;6349;0;3;5;0;Sales;Marketing;Married
54;20;4;4;3;4869;3;2;4;0;Research & Development;Life Sciences;Single
43;7;3;3;1;9985;8;2;1;0;Research & Development;Life Sciences;Married
45;8;4;4;4;3697;9;3;10;0;Research & Development;Other;Married
40;1;2;2;4;7457;2;2;4;0;Sales;Medical;Married
29;8;4;2;1;2119;1;2;7;1;Research & Development;Other;Married
29;9;5;2;4;3983;0;3;3;0;Research & Development;Other;Single
30;5;3;4;3;6118;1;3;10;0;Sales;Marketing;Divorced
27;8;4;2;2;6214;1;3;8;0;Sales;Marketing;Married
37;5;2;4;4;6347;7;2;6;0;Research & Development;Medical;Divorced
38;15;2;3;4;11510;0;3;11;0;Research & Development;Life Sciences;Divorced
31;7;4;3;4;7143;1;2;11;0;Research & Development;Medical;Single
29;10;1;4;2;8268;1;3;7;0;Sales;Marketing;Divorced
35;5;4;3;2;8095;0;3;16;0;Research & Development;Technical Degree;Single
23;26;1;3;4;2904;1;2;4;0;Research & Development;Life Sciences;Divorced
41;6;3;4;2;6032;6;3;5;0;Research & Development;Medical;Single
47;4;1;2;3;2976;3;3;0;0;Sales;Medical;Single
42;23;5;1;4;15992;2;3;1;0;Research & Development;Life Sciences;Single
29;2;3;4;3;4649;1;2;4;0;Sales;Life Sciences;Married
42;2;1;3;3;2696;0;3;3;0;Human Resources;Technical Degree;Divorced
32;2;3;3;2;2370;1;3;8;0;Research & Development;Medical;Married
48;29;1;1;3;12504;3;1;0;0;Sales;Medical;Married
37;6;3;3;1;5974;4;3;7;0;Research & Development;Medical;Divorced
30;25;2;4;3;4736;7;4;2;0;Sales;Technical Degree;Married
26;1;3;3;3;5296;1;3;8;0;Sales;Life Sciences;Married
42;2;4;1;4;6781;3;3;1;0;Research & Development;Other;Single
21;1;1;1;2;2174;1;3;3;1;Sales;Technical Degree;Single
36;1;5;4;4;6653;4;3;1;0;Sales;Medical;Single
36;3;4;1;4;9699;4;3;13;0;Sales;Medical;Married
57;1;4;4;3;6755;2;3;3;0;Research & Development;Medical;Married
40;10;4;4;3;2213;3;3;7;0;Research & Development;Life Sciences;Married
21;9;2;1;4;2610;1;2;3;0;Sales;Medical;Single
33;5;3;4;3;2851;1;3;1;1;Sales;Marketing;Single
37;10;3;3;1;3452;6;3;5;0;Research & Development;Medical;Married
46;7;4;3;3;5258;2;4;1;0;Research & Development;Medical;Married
41;4;3;1;2;9355;1;3;8;1;Sales;Marketing;Single
50;10;3;4;4;10496;6;3;4;0;Research & Development;Technical Degree;Single
40;22;2;3;3;6380;2;3;6;1;Sales;Marketing;Married
31;9;4;3;2;2657;0;3;2;0;Research & Development;Life Sciences;Single
21;12;3;3;2;2716;1;3;1;1;Sales;Life Sciences;Single
29;23;3;4;4;2201;9;3;3;0;Research & Development;Life Sciences;Single
35;9;4;3;2;6540;9;3;1;0;Research & Development;Life Sciences;Single
27;1;2;4;2;3816;1;3;5;0;Research & Development;Medical;Divorced
28;9;4;2;4;5253;1;3;7;0;Sales;Life Sciences;Single
49;7;3;2;3;10965;8;3;5;0;Research & Development;Other;Single
51;14;2;3;4;4936;4;2;7;0;Sales;Life Sciences;Married
36;2;3;4;3;2543;4;3;2;0;Research & Development;Life Sciences;Married
34;19;3;1;4;5304;8;2;5;1;Sales;Marketing;Single
55;2;3;3;4;16659;2;3;5;0;Research & Development;Life Sciences;Single
24;10;4;4;3;4260;1;4;5;0;Sales;Marketing;Divorced
30;2;1;3;2;2476;1;3;1;0;Sales;Technical Degree;Married
26;3;1;3;1;3102;0;3;6;1;Research & Development;Technical Degree;Single
22;11;3;1;2;2244;1;3;2;0;Research & Development;Medical;Married
36;2;2;2;3;7596;1;3;10;0;Sales;Medical;Married
30;4;3;3;4;2285;9;3;1;1;Research & Development;Technical Degree;Single
37;14;3;4;1;3034;1;2;18;0;Research & Development;Life Sciences;Divorced
40;2;2;4;2;5715;7;3;5;0;Sales;Marketing;Divorced
42;1;4;2;1;2576;3;3;5;0;Research & Development;Life Sciences;Divorced
37;10;4;3;2;4197;2;2;1;0;Research & Development;Life Sciences;Single
43;12;3;1;2;14336;1;3;25;0;Research & Development;Life Sciences;Divorced
40;2;3;2;3;3448;6;3;1;0;Research & Development;Medical;Married
54;5;2;1;1;19406;4;2;4;0;Research & Development;Medical;Married
34;4;4;3;3;6538;9;3;3;0;Sales;Marketing;Married
31;7;2;2;1;4306;1;1;13;0;Research & Development;Medical;Married
43;21;3;4;4;2258;7;3;3;0;Research & Development;Medical;Married
43;8;4;3;3;4522;4;3;5;0;Research & Development;Other;Divorced
25;4;2;2;4;4487;1;3;5;0;Sales;Life Sciences;Single
37;25;5;2;3;4449;3;3;13;0;Research & Development;Medical;Married
31;1;2;4;1;2218;1;3;4;0;Research & Development;Life Sciences;Married
39;1;1;2;3;19197;1;3;21;0;Research & Development;Life Sciences;Divorced
56;6;3;3;1;13212;9;2;7;0;Sales;Life Sciences;Married
30;12;3;2;3;6577;0;3;5;0;Sales;Technical Degree;Single
41;1;3;2;1;8392;1;3;10;0;Sales;Marketing;Married
28;17;2;3;1;4558;1;3;10;0;Research & Development;Medical;Divorced
25;3;3;1;1;4031;5;3;2;1;Research & Development;Medical;Married
52;3;3;4;3;7969;2;3;5;0;Research & Development;Medical;Married
45;10;2;1;4;2654;3;2;2;0;Research & Development;Life Sciences;Married
52;4;2;4;4;16555;2;1;5;0;Research & Development;Life Sciences;Married
42;29;2;1;3;4556;2;3;5;0;Research & Development;Life Sciences;Divorced
30;2;3;3;4;6091;2;3;5;0;Research & Development;Life Sciences;Single
60;7;3;1;1;19566;5;1;29;0;Research & Development;Life Sciences;Married
46;18;3;3;3;4810;2;2;10;0;Research & Development;Medical;Divorced
42;28;4;4;4;4523;0;4;6;0;Research & Development;Technical Degree;Married
24;1;1;1;2;3202;1;3;5;1;Sales;Technical Degree;Single
34;6;2;4;3;2351;0;2;2;1;Sales;Marketing;Divorced
38;2;2;4;4;1702;1;3;1;0;Research & Development;Life Sciences;Married
40;2;4;3;3;18041;0;3;20;0;Sales;Life Sciences;Married
26;23;3;1;4;2886;1;1;3;0;Research & Development;Life Sciences;Divorced
30;3;3;3;4;2097;4;1;5;0;Research & Development;Life Sciences;Married
29;3;4;2;3;11935;1;3;10;0;Research & Development;Medical;Married
29;25;5;3;2;2546;5;4;2;1;Research & Development;Technical Degree;Married
19;2;2;1;4;2564;1;4;1;1;Human Resources;Technical Degree;Single
30;22;4;3;1;8412;0;3;9;0;Sales;Other;Married
57;29;3;1;4;14118;3;2;1;0;Sales;Marketing;Divorced
50;29;4;2;3;17046;0;3;27;0;Research & Development;Life Sciences;Married
30;2;3;3;4;2564;0;2;11;0;Research & Development;Medical;Single
60;28;3;3;1;10266;4;4;18;0;Sales;Marketing;Married
47;2;2;1;4;5070;5;3;5;0;Research & Development;Medical;Divorced
46;2;3;1;3;17861;6;1;3;0;Research & Development;Life Sciences;Married
35;22;3;4;3;4230;0;3;5;0;Research & Development;Life Sciences;Single
54;8;4;3;3;3780;7;3;1;0;Research & Development;Life Sciences;Single
34;2;4;4;3;2768;3;3;7;0;Research & Development;Life Sciences;Divorced
46;10;3;3;4;9071;2;3;3;0;Sales;Marketing;Married
31;9;1;3;2;10648;1;4;13;0;Research & Development;Life Sciences;Divorced
33;15;1;2;3;13610;7;4;7;1;Research & Development;Medical;Married
33;10;1;1;4;3408;7;3;4;1;Research & Development;Medical;Divorced
30;7;1;4;2;2983;0;3;3;0;Sales;Marketing;Single
35;16;3;4;3;7632;4;3;8;0;Research & Development;Life Sciences;Married
31;20;3;1;3;9824;3;3;1;1;Research & Development;Life Sciences;Married
34;23;3;2;1;9950;9;3;3;1;Human Resources;Human Resources;Divorced
42;5;2;2;3;2093;4;3;2;0;Research & Development;Other;Married
36;10;4;2;4;9980;1;2;10;0;Sales;Medical;Single
22;4;1;3;3;3894;5;3;2;1;Research & Development;Technical Degree;Single
48;2;5;2;4;4051;2;3;9;0;Sales;Marketing;Married
55;18;5;1;2;16835;3;3;10;0;Sales;Life Sciences;Single
41;10;2;4;4;6230;7;3;14;0;Sales;Life Sciences;Single
35;1;3;2;3;4717;9;3;11;0;Sales;Marketing;Married
40;6;3;2;3;13237;7;3;20;0;Research & Development;Life Sciences;Single
39;8;1;3;3;3755;1;3;8;0;Research & Development;Life Sciences;Married
31;2;1;2;4;6582;4;4;6;0;Sales;Life Sciences;Single
42;24;3;4;1;7406;1;2;10;0;Research & Development;Medical;Married
45;2;3;4;2;4805;0;4;8;0;Sales;Other;Married
26;17;4;2;3;2741;0;2;7;1;Human Resources;Life Sciences;Divorced
29;19;3;4;4;4262;4;4;3;0;Research & Development;Technical Degree;Divorced
33;1;5;1;3;16184;4;3;6;0;Research & Development;Medical;Divorced
31;7;3;3;4;11557;9;2;5;0;Sales;Life Sciences;Divorced
18;5;3;2;2;1878;1;3;0;1;Sales;Marketing;Single
40;28;3;3;1;10932;3;3;1;0;Sales;Other;Divorced
41;2;4;1;3;6811;2;3;8;0;Research & Development;Other;Single
26;29;2;1;3;4306;5;3;0;0;Sales;Medical;Divorced
35;1;3;1;3;4859;1;3;5;0;Sales;Medical;Single
34;21;4;4;4;5337;1;3;10;0;Sales;Life Sciences;Single
26;24;3;3;4;2340;1;1;1;1;Research & Development;Technical Degree;Single
37;1;3;2;4;7491;4;4;6;0;Research & Development;Technical Degree;Single
46;18;1;1;3;10527;5;2;2;0;Research & Development;Medical;Married
41;2;5;2;1;16595;7;3;18;0;Sales;Life Sciences;Married
37;9;4;1;2;8834;1;3;9;0;Sales;Medical;Divorced
52;6;2;4;1;5577;3;3;10;0;Research & Development;Technical Degree;Divorced
32;11;4;4;3;4707;8;3;4;1;Sales;Other;Married
24;24;3;4;4;2400;0;3;2;0;Sales;Medical;Married
38;10;3;3;3;9824;3;3;1;0;Research & Development;Medical;Married
37;1;4;2;2;6447;6;2;6;0;Research & Development;Life Sciences;Married
49;18;4;4;3;19502;1;3;31;0;Research & Development;Life Sciences;Divorced
24;23;3;2;4;2725;1;3;6;0;Research & Development;Medical;Married
26;28;2;1;2;6272;1;4;5;0;Sales;Marketing;Married
24;17;2;4;2;2127;1;3;1;0;Research & Development;Other;Married
50;3;3;1;2;18200;1;3;32;0;Human Resources;Medical;Married
25;13;1;2;3;2096;1;3;7;0;Sales;Medical;Married
24;7;3;1;3;2886;1;3;6;1;Research & Development;Life Sciences;Married
30;12;4;2;1;2033;1;4;1;1;Sales;Life Sciences;Married
34;1;2;2;4;3622;1;3;6;0;Research & Development;Life Sciences;Married
31;13;4;2;1;4233;2;1;3;1;Sales;Medical;Divorced
35;25;2;1;4;3681;4;3;3;0;Research & Development;Other;Single
31;6;4;1;4;5460;4;4;7;0;Sales;Medical;Divorced
27;6;4;1;3;2187;0;2;5;0;Research & Development;Medical;Divorced
37;2;3;4;3;9602;4;2;3;0;Sales;Marketing;Married
20;1;3;4;2;2836;1;4;1;0;Research & Development;Life Sciences;Single
42;2;4;3;4;4089;1;3;10;0;Research & Development;Life Sciences;Married
43;6;4;2;4;16627;4;2;1;0;Research & Development;Other;Divorced
38;1;1;3;1;2619;3;2;0;0;Research & Development;Life Sciences;Single
43;9;5;4;3;5679;3;3;8;0;Research & Development;Medical;Divorced
48;1;4;4;1;15402;7;1;3;0;Research & Development;Life Sciences;Married
44;1;4;1;3;5985;4;4;2;0;Human Resources;Life Sciences;Single
34;14;3;3;3;2579;1;3;8;0;Sales;Technical Degree;Divorced
27;2;1;3;1;3041;0;3;4;1;Sales;Marketing;Divorced
21;22;1;3;3;3447;1;3;3;0;Sales;Technical Degree;Single
44;3;4;4;4;19513;4;4;2;0;Research & Development;Other;Married
22;6;1;1;3;2773;0;3;2;0;Research & Development;Medical;Married
33;8;4;3;3;7104;0;3;5;0;Sales;Marketing;Divorced
32;9;4;1;4;6322;1;2;6;0;Research & Development;Life Sciences;Married
30;3;3;3;3;2083;1;3;1;0;Research & Development;Medical;Divorced
53;1;1;4;1;8381;7;4;14;0;Sales;Medical;Single
34;1;5;2;4;2691;1;2;10;0;Research & Development;Life Sciences;Married
45;26;4;1;1;4286;2;3;1;1;Sales;Life Sciences;Married
26;6;3;3;4;2659;1;3;3;0;Research & Development;Life Sciences;Married
37;3;3;3;3;9434;1;3;10;0;Research & Development;Other;Married
29;3;2;2;3;5561;1;2;6;0;Sales;Medical;Married
35;6;4;2;4;6646;1;3;17;0;Research & Development;Life Sciences;Single
33;6;3;3;4;7725;3;1;13;0;Research & Development;Life Sciences;Divorced
54;19;4;3;2;10725;2;4;9;0;Human Resources;Medical;Married
36;9;2;2;2;8847;2;3;3;0;Research & Development;Medical;Divorced
27;3;4;1;4;2045;0;3;4;0;Research & Development;Medical;Single
20;10;1;4;3;1009;1;3;1;1;Research & Development;Medical;Single
33;3;3;1;1;3348;1;3;10;1;Research & Development;Life Sciences;Single
35;3;3;3;3;1281;1;3;1;0;Research & Development;Life Sciences;Married
23;4;3;1;1;2819;2;4;3;0;Research & Development;Medical;Married
25;8;3;4;2;4851;0;3;3;0;Sales;Life Sciences;Married
38;7;4;4;4;4028;0;3;7;0;Sales;Marketing;Single
29;1;4;2;4;2720;1;3;10;0;Research & Development;Life Sciences;Divorced
48;2;1;2;2;8120;3;3;2;0;Sales;Marketing;Married
27;3;1;4;4;4647;1;3;6;0;Sales;Medical;Divorced
37;10;2;4;4;4680;3;3;1;0;Research & Development;Life Sciences;Single
50;28;1;4;3;3221;1;3;20;0;Research & Development;Medical;Married
34;9;3;4;2;8621;1;4;8;0;Research & Development;Medical;Single
24;3;2;1;3;4577;9;3;2;1;Sales;Life Sciences;Single
39;2;4;4;3;4553;1;3;20;0;Research & Development;Technical Degree;Single
32;10;3;4;4;5396;1;2;10;0;Sales;Marketing;Single
50;8;2;2;3;6796;3;3;4;1;Sales;Technical Degree;Married
38;1;4;2;4;7625;0;2;9;0;Research & Development;Life Sciences;Single
27;1;2;3;1;7412;1;3;9;0;Research & Development;Life Sciences;Married
32;3;2;3;4;11159;3;3;7;0;Research & Development;Life Sciences;Single
47;14;4;4;1;4960;2;3;7;0;Sales;Marketing;Single
40;5;4;4;1;10475;5;3;18;0;Sales;Life Sciences;Married
53;7;3;3;3;14814;3;3;5;0;Research & Development;Life Sciences;Married
41;10;4;2;4;19141;3;2;21;0;Human Resources;Human Resources;Divorced
60;16;4;1;1;5405;8;3;2;0;Sales;Marketing;Single
27;10;2;4;1;8793;1;2;9;0;Research & Development;Life Sciences;Divorced
41;1;3;4;3;19189;1;3;22;0;Human Resources;Human Resources;Married
50;8;4;4;2;3875;7;3;2;0;Sales;Marketing;Married
28;1;2;1;2;2216;7;3;7;1;Research & Development;Life Sciences;Single
36;8;3;1;1;11713;9;3;8;0;Research & Development;Life Sciences;Married
38;1;3;3;3;7861;4;4;1;0;Research & Development;Life Sciences;Single
44;24;3;1;3;3708;2;3;5;0;Research & Development;Medical;Single
47;3;3;4;3;13770;9;2;22;0;Sales;Medical;Divorced
30;27;5;3;4;5304;7;2;8;0;Sales;Marketing;Divorced
29;10;3;3;3;2642;1;3;1;0;Sales;Life Sciences;Single
42;19;3;3;3;2759;6;3;2;1;Research & Development;Medical;Divorced
43;15;3;4;4;6804;3;3;2;0;Sales;Life Sciences;Married
34;8;2;2;3;6142;3;3;5;0;Research & Development;Medical;Single
23;9;1;2;1;2500;1;4;4;0;Research & Development;Medical;Married
39;3;3;3;2;6389;9;1;8;0;Human Resources;Human Resources;Married
56;9;3;3;4;11103;7;2;10;0;Research & Development;Medical;Married
40;2;1;4;4;2342;0;2;4;0;Research & Development;Medical;Single
27;7;3;4;1;6811;8;1;7;0;Research & Development;Medical;Single
29;10;3;4;2;2297;1;3;2;0;Sales;Marketing;Divorced
53;6;3;4;4;2450;2;3;2;0;Research & Development;Life Sciences;Single
35;2;4;4;1;5093;2;4;1;0;Research & Development;Life Sciences;Divorced
32;24;4;1;4;5309;1;3;10;0;Research & Development;Life Sciences;Married
38;2;5;4;3;3057;6;1;1;0;Research & Development;Medical;Married
34;8;5;2;1;5121;3;3;0;0;Research & Development;Life Sciences;Divorced
52;3;4;3;1;16856;1;4;34;0;Sales;Marketing;Married
33;1;4;4;4;2686;1;2;10;1;Research & Development;Other;Single
25;26;1;3;4;6180;1;2;6;0;Sales;Medical;Single
45;2;2;2;3;6632;0;3;8;0;Sales;Technical Degree;Single
23;10;1;1;3;3505;1;3;2;0;Research & Development;Medical;Single
47;27;2;2;3;6397;4;3;5;1;Sales;Life Sciences;Single
34;2;3;4;4;6274;1;3;6;0;Sales;Other;Single
55;2;3;4;1;19859;5;3;5;1;Research & Development;Medical;Married
36;8;4;1;1;7587;1;3;10;0;Sales;Life Sciences;Single
52;19;4;4;4;4258;0;3;4;0;Research & Development;Medical;Married
26;1;2;1;4;4364;3;3;2;0;Research & Development;Life Sciences;Divorced
29;27;3;2;3;4335;4;2;8;0;Research & Development;Medical;Married
26;8;3;4;1;5326;6;2;4;1;Sales;Technical Degree;Single
34;1;4;2;4;3280;2;3;4;0;Research & Development;Life Sciences;Single
54;19;4;4;1;5485;9;3;5;0;Research & Development;Medical;Divorced
27;8;1;3;4;4342;0;3;4;0;Sales;Marketing;Married
37;10;1;4;1;2782;0;2;5;0;Research & Development;Life Sciences;Divorced
38;2;4;1;1;5980;6;3;15;0;Research & Development;Life Sciences;Single
34;2;4;3;1;4381;1;3;6;0;Research & Development;Medical;Single
35;8;4;1;4;2572;1;2;3;0;Sales;Life Sciences;Married
30;1;3;4;3;3833;3;3;2;0;Research & Development;Life Sciences;Married
40;2;2;3;2;4244;1;3;8;0;Research & Development;Medical;Married
34;8;2;3;1;6500;5;3;3;0;Sales;Life Sciences;Married
42;8;3;2;4;18430;1;2;24;0;Research & Development;Life Sciences;Divorced
23;6;3;3;1;1601;1;3;0;1;Research & Development;Life Sciences;Married
24;9;3;3;2;2694;1;3;1;0;Research & Development;Life Sciences;Divorced
52;11;4;4;3;3149;8;3;5;0;Research & Development;Life Sciences;Married
50;2;3;3;3;17639;5;3;4;0;Research & Development;Medical;Married
29;1;2;2;1;2319;1;3;1;1;Research & Development;Life Sciences;Married
33;7;3;3;3;11691;0;4;13;0;Research & Development;Medical;Married
33;16;3;1;1;5324;5;3;3;1;Sales;Marketing;Single
47;2;2;3;4;16752;1;2;26;0;Research & Development;Other;Married
36;1;3;3;2;5228;0;3;9;0;Research & Development;Other;Married
29;23;2;3;3;2700;1;3;10;0;Research & Development;Life Sciences;Married
58;2;4;4;2;19246;7;3;31;1;Research & Development;Life Sciences;Single
35;1;4;4;3;2506;3;3;2;0;Research & Development;Life Sciences;Single
42;1;2;4;4;6062;9;3;4;0;Research & Development;Life Sciences;Married
28;2;4;3;3;4382;6;2;2;1;Research & Development;Medical;Single
36;13;3;3;2;2143;4;3;5;0;Human Resources;Human Resources;Married
32;4;3;3;3;6162;1;3;14;0;Research & Development;Life Sciences;Married
40;16;4;1;3;5094;6;3;1;0;Research & Development;Medical;Single
30;2;3;3;4;6877;5;2;0;0;Research & Development;Medical;Single
45;2;3;2;3;2274;1;3;1;0;Research & Development;Life Sciences;Single
42;29;3;2;2;4434;1;2;9;0;Research & Development;Life Sciences;Married
38;12;3;1;1;6288;2;2;4;0;Research & Development;Life Sciences;Divorced
34;16;4;3;4;2553;1;3;5;0;Research & Development;Life Sciences;Single
49;11;3;3;4;7654;1;4;9;1;Sales;Marketing;Married
55;2;1;3;4;5160;4;2;9;1;Sales;Medical;Single
43;14;2;2;1;17159;6;3;4;0;Research & Development;Life Sciences;Married
27;5;1;3;4;12808;1;3;9;0;Research & Development;Technical Degree;Divorced
35;7;3;3;3;10221;3;4;8;0;Research & Development;Other;Single
28;2;4;2;2;4779;1;3;8;0;Sales;Marketing;Married
34;3;2;3;4;3737;0;1;3;0;Human Resources;Human Resources;Married
26;5;2;3;3;2366;1;3;8;1;Research & Development;Medical;Married
27;3;3;4;4;1706;1;2;0;0;Research & Development;Medical;Married
51;26;4;1;3;16307;2;2;20;0;Sales;Marketing;Married
44;4;3;4;2;5933;9;2;5;0;Research & Development;Medical;Single
25;2;1;1;1;3424;7;2;4;0;Research & Development;Medical;Single
33;1;3;1;1;4037;1;3;9;0;Sales;Medical;Divorced
35;27;1;3;1;2559;1;2;6;0;Research & Development;Medical;Single
36;1;2;2;4;6201;1;2;18;0;Sales;Life Sciences;Married
32;13;4;2;4;4403;2;2;5;0;Sales;Life Sciences;Divorced
30;5;4;2;4;3761;9;2;5;0;Research & Development;Life Sciences;Divorced
53;7;2;1;4;10934;7;3;5;0;Sales;Marketing;Married
45;9;3;4;1;10761;4;3;5;0;Sales;Marketing;Divorced
32;8;2;3;3;5175;5;2;5;0;Research & Development;Medical;Married
52;25;4;3;4;13826;3;3;9;0;Research & Development;Medical;Married
37;16;4;4;3;6334;4;3;1;0;Sales;Marketing;Divorced
28;8;2;2;4;4936;1;3;5;0;Human Resources;Medical;Divorced
22;1;2;4;4;4775;6;1;2;0;Research & Development;Life Sciences;Married
44;8;4;1;4;2818;2;2;3;0;Research & Development;Life Sciences;Married
42;2;1;2;4;2515;5;3;2;0;Research & Development;Medical;Single
36;8;3;1;1;2342;0;3;5;0;Human Resources;Life Sciences;Married
25;3;1;3;1;4194;1;3;5;0;Sales;Other;Married
35;9;3;4;3;10685;1;3;17;0;Research & Development;Life Sciences;Married
35;25;4;4;2;2022;1;2;10;1;Research & Development;Life Sciences;Divorced
32;1;3;4;4;2314;0;3;3;0;Research & Development;Life Sciences;Divorced
25;4;1;3;1;4256;1;4;5;0;Sales;Marketing;Married
49;1;3;3;1;3580;2;3;4;0;Research & Development;Technical Degree;Married
24;4;1;1;4;3162;0;2;5;0;Research & Development;Life Sciences;Married
32;5;2;2;2;6524;1;3;10;0;Sales;Life Sciences;Married
38;9;3;2;2;2899;0;3;2;0;Sales;Marketing;Married
42;3;3;3;4;5231;2;2;5;0;Research & Development;Life Sciences;Married
31;11;4;4;4;2356;3;3;6;0;Research & Development;Life Sciences;Married
29;1;3;2;3;2800;6;3;3;1;Sales;Medical;Divorced
53;8;3;1;4;11836;5;3;2;0;Sales;Marketing;Married
35;25;3;4;2;10903;3;3;13;0;Research & Development;Technical Degree;Married
37;21;2;3;4;2973;5;3;5;0;Sales;Medical;Married
53;23;4;4;4;14275;6;3;12;0;Research & Development;Life Sciences;Single
43;1;3;4;4;5562;4;2;5;0;Research & Development;Life Sciences;Married
47;2;2;3;4;4537;0;3;7;0;Sales;Marketing;Married
37;19;2;1;2;7642;1;3;10;0;Sales;Medical;Single
50;2;4;1;1;17924;1;3;31;0;Research & Development;Life Sciences;Divorced
39;2;3;4;4;5204;8;3;5;0;Human Resources;Life Sciences;Married
33;3;2;4;2;2277;3;4;4;0;Human Resources;Human Resources;Divorced
32;25;4;1;4;2795;1;1;1;1;Research & Development;Life Sciences;Single
29;7;1;1;4;2532;6;3;4;0;Research & Development;Medical;Divorced
44;9;2;2;1;2559;1;3;8;0;Research & Development;Life Sciences;Married
28;5;4;1;4;4908;1;3;4;0;Sales;Medical;Single
58;2;1;4;4;2380;9;2;1;1;Research & Development;Life Sciences;Divorced
43;8;3;1;2;4765;4;4;1;0;Research & Development;Life Sciences;Divorced
20;2;3;3;3;2044;1;2;2;1;Sales;Medical;Single
21;18;1;4;4;2693;1;2;1;1;Research & Development;Other;Single
36;14;1;3;4;6586;0;2;16;0;Research & Development;Life Sciences;Married
47;2;4;4;4;3294;1;2;3;0;Sales;Life Sciences;Single
22;3;1;2;3;4171;0;4;3;1;Research & Development;Life Sciences;Married
41;2;4;2;4;2778;4;2;7;1;Research & Development;Life Sciences;Divorced
28;9;3;3;3;2377;5;3;2;0;Research & Development;Medical;Divorced
39;6;3;4;1;2404;7;1;2;1;Research & Development;Medical;Married
27;4;3;2;3;2318;1;3;1;0;Research & Development;Life Sciences;Single
34;10;3;2;2;2008;1;3;1;0;Research & Development;Life Sciences;Divorced
42;14;2;3;3;6244;7;3;5;0;Sales;Medical;Single
33;1;4;3;1;2799;3;3;3;0;Research & Development;Other;Single
58;5;3;3;2;10552;2;3;6;0;Research & Development;Technical Degree;Divorced
31;7;4;2;3;2329;3;4;7;0;Sales;Life Sciences;Married
35;21;1;4;4;4014;1;1;10;0;Research & Development;Life Sciences;Married
49;8;2;1;2;7403;4;2;26;0;Research & Development;Other;Married
48;20;4;4;3;2259;4;2;0;0;Research & Development;Medical;Married
31;20;2;4;3;6932;1;2;9;0;Sales;Marketing;Married
36;7;4;2;4;4678;2;3;6;0;Research & Development;Other;Single
38;1;3;4;1;13582;1;3;15;0;Research & Development;Technical Degree;Married
32;1;3;3;2;2332;6;3;3;0;Research & Development;Life Sciences;Married
25;19;2;3;2;2413;1;3;1;1;Sales;Marketing;Married
40;10;4;1;2;9705;2;2;1;0;Sales;Marketing;Divorced
26;1;3;3;1;4294;1;3;7;0;Sales;Medical;Single
41;6;3;4;1;4721;2;3;18;0;Research & Development;Medical;Single
36;2;4;3;3;2519;4;3;11;0;Research & Development;Medical;Single
19;21;3;4;2;2121;1;4;1;1;Sales;Other;Single
20;4;3;1;1;2973;1;3;1;1;Research & Development;Technical Degree;Single
31;12;3;4;4;5855;0;1;9;0;Research & Development;Medical;Married
40;9;4;4;2;3617;8;3;1;0;Research & Development;Medical;Divorced
32;3;4;3;1;6725;1;4;8;0;Research & Development;Medical;Married
36;3;1;3;4;10325;1;3;16;1;Sales;Life Sciences;Married
33;1;3;2;4;6949;0;3;5;0;Research & Development;Life Sciences;Single
37;1;4;1;3;10609;5;1;14;1;Sales;Life Sciences;Married
45;4;2;3;2;4447;1;2;9;0;Research & Development;Life Sciences;Married
29;20;3;3;4;2157;1;3;3;0;Sales;Technical Degree;Married
35;18;3;3;3;4601;1;3;5;0;Sales;Medical;Married
52;1;2;4;4;17099;2;2;9;0;Research & Development;Life Sciences;Married
58;2;3;4;3;2479;4;3;1;1;Research & Development;Technical Degree;Single
53;2;2;3;3;14852;6;4;17;0;Sales;Medical;Divorced
30;8;2;3;3;7264;5;4;8;0;Sales;Other;Divorced
38;10;3;3;4;5666;1;3;5;0;Sales;Technical Degree;Single
35;3;4;4;4;7823;6;3;10;0;Sales;Life Sciences;Divorced
39;2;5;1;3;7880;0;3;8;0;Sales;Life Sciences;Single
40;24;3;2;2;13194;4;2;1;1;Sales;Life Sciences;Single
47;16;4;3;3;5067;1;4;19;0;Research & Development;Medical;Divorced
36;8;4;1;4;5079;4;3;7;0;Sales;Technical Degree;Divorced
31;9;2;3;1;2321;0;3;3;1;Research & Development;Medical;Single
33;17;3;4;3;17444;1;3;10;0;Sales;Life Sciences;Single
29;10;3;4;1;2404;6;3;0;1;Research & Development;Life Sciences;Single
33;13;1;2;4;3452;3;3;3;0;Research & Development;Life Sciences;Single
45;1;4;4;4;2270;3;3;5;0;Research & Development;Medical;Divorced
50;1;2;4;4;17399;9;2;5;0;Research & Development;Medical;Divorced
33;1;4;3;2;5488;1;3;6;0;Research & Development;Other;Married
41;9;3;1;3;19419;2;4;18;0;Research & Development;Medical;Divorced
27;16;4;3;2;2811;9;3;2;0;Research & Development;Technical Degree;Married
45;23;2;4;1;3633;1;3;9;0;Research & Development;Life Sciences;Married
47;4;2;4;4;4163;1;3;9;0;Sales;Life Sciences;Single
30;22;3;1;3;2132;4;3;5;1;Research & Development;Life Sciences;Married
50;24;3;4;3;13973;3;3;12;0;Research & Development;Life Sciences;Married
38;10;1;3;3;2684;0;2;2;0;Research & Development;Medical;Married
46;7;2;4;3;10845;6;3;8;0;Research & Development;Medical;Divorced
24;17;1;4;3;4377;1;3;4;0;Research & Development;Medical;Divorced
35;14;4;3;2;3743;1;1;4;1;Research & Development;Other;Divorced
31;1;1;3;1;4148;1;3;4;0;Research & Development;Life Sciences;Married
18;5;2;2;4;1051;1;3;0;0;Research & Development;Life Sciences;Single
54;17;3;3;3;10739;8;3;10;0;Research & Development;Technical Degree;Married
35;25;4;3;3;10388;1;2;16;0;Research & Development;Medical;Divorced
30;8;2;2;1;11416;0;2;8;0;Research & Development;Life Sciences;Married
20;11;3;4;1;2600;1;3;1;1;Research & Development;Medical;Single
30;5;3;2;2;2422;0;3;3;1;Research & Development;Medical;Single
26;2;2;4;4;5472;1;3;8;0;Research & Development;Medical;Married
22;8;1;2;1;2451;1;2;4;0;Research & Development;Life Sciences;Married
48;6;3;1;3;4240;2;3;2;0;Research & Development;Life Sciences;Single
48;4;4;3;3;10999;7;3;15;0;Research & Development;Life Sciences;Single
41;7;2;4;3;5003;6;3;2;0;Research & Development;Medical;Single
39;1;1;4;4;12742;1;3;21;0;Research & Development;Life Sciences;Married
27;2;4;1;4;4227;0;3;3;0;Research & Development;Life Sciences;Married
35;10;3;2;4;3917;1;2;3;0;Research & Development;Other;Divorced
42;5;2;4;3;18303;6;4;1;0;Sales;Marketing;Married
50;9;3;1;4;2380;4;3;1;0;Research & Development;Life Sciences;Married
59;2;3;3;4;13726;3;3;5;0;Research & Development;Life Sciences;Single
37;11;2;1;2;4777;5;1;1;1;Research & Development;Medical;Married
55;18;4;3;2;6385;3;3;8;0;Research & Development;Medical;Married
41;7;1;2;3;19973;1;3;21;0;Research & Development;Life Sciences;Divorced
38;3;4;2;4;6861;8;3;1;0;Sales;Life Sciences;Single
26;29;2;2;1;4969;8;3;2;1;Sales;Medical;Single
52;2;1;1;4;19845;1;3;32;1;Sales;Marketing;Married
44;28;3;4;4;13320;3;3;12;0;Sales;Medical;Married
50;1;3;4;3;6347;0;3;18;0;Sales;Life Sciences;Married
36;16;4;3;1;2743;1;3;17;1;Research & Development;Life Sciences;Single
39;22;3;4;1;10880;1;3;21;0;Research & Development;Medical;Single
33;8;1;2;4;2342;0;2;2;0;Sales;Life Sciences;Single
45;11;2;4;4;17650;3;4;9;0;Sales;Life Sciences;Married
32;29;4;4;3;4025;9;3;8;0;Research & Development;Medical;Single
34;1;4;2;4;9725;0;2;15;0;Sales;Marketing;Divorced
59;1;2;2;4;11904;3;1;6;0;Sales;Technical Degree;Married
45;24;4;2;2;2177;1;3;6;0;Human Resources;Medical;Single
53;2;3;3;2;7525;2;3;15;0;Sales;Marketing;Married
36;15;3;1;3;4834;7;2;1;1;Research & Development;Other;Divorced
26;2;3;1;1;2042;6;3;3;1;Research & Development;Life Sciences;Married
34;10;4;3;3;2220;1;3;1;0;Sales;Life Sciences;Married
28;10;1;4;2;1052;1;3;1;0;Sales;Medical;Married
38;3;4;3;3;2821;3;3;2;0;Research & Development;Other;Married
50;2;4;2;3;19237;2;2;8;0;Research & Development;Medical;Married
37;3;3;4;2;4107;3;2;4;0;Research & Development;Other;Single
40;26;3;3;1;8396;1;2;7;0;Sales;Marketing;Married
26;1;1;1;3;2007;1;3;5;0;Research & Development;Medical;Divorced
46;1;4;4;4;19627;9;3;2;0;Research & Development;Medical;Divorced
54;2;4;3;3;10686;6;3;9;0;Sales;Life Sciences;Married
56;9;3;1;3;2942;2;3;5;0;Research & Development;Medical;Married
36;12;5;4;4;8858;0;2;14;0;Research & Development;Medical;Single
55;2;1;3;1;16756;7;4;9;0;Research & Development;Medical;Single
43;25;3;3;4;10798;5;3;1;0;Sales;Medical;Divorced
20;9;3;4;4;2323;1;3;2;1;Sales;Marketing;Single
21;10;3;3;1;1416;1;2;1;1;Research & Development;Life Sciences;Single
46;8;4;4;1;4615;8;3;16;0;Research & Development;Life Sciences;Divorced
51;4;4;1;3;2461;9;4;10;1;Research & Development;Life Sciences;Married
28;24;2;2;1;8722;1;2;10;1;Research & Development;Technical Degree;Single
26;1;2;1;1;3955;1;3;5;0;Research & Development;Medical;Married
30;20;3;3;1;9957;0;2;6;0;Research & Development;Other;Married
41;7;2;2;3;3376;1;3;10;0;Research & Development;Technical Degree;Married
38;17;1;3;3;8823;0;2;19;0;Research & Development;Life Sciences;Married
40;20;4;1;4;10322;4;3;11;0;Research & Development;Technical Degree;Married
27;8;5;1;3;4621;1;3;3;0;Research & Development;Life Sciences;Married
55;2;1;4;2;10976;3;3;3;0;Research & Development;Life Sciences;Married
28;10;3;3;3;3660;3;4;8;0;Research & Development;Other;Single
44;1;2;2;1;10482;9;3;20;1;Human Resources;Medical;Married
33;5;3;4;4;7119;4;3;3;0;Research & Development;Life Sciences;Divorced
35;4;3;4;1;9582;0;3;8;1;Sales;Technical Degree;Single
33;29;4;1;3;4508;1;3;13;1;Research & Development;Medical;Single
28;15;2;1;3;2207;1;2;4;0;Research & Development;Life Sciences;Divorced
34;3;1;1;4;7756;0;2;6;0;Research & Development;Life Sciences;Single
37;10;4;4;4;6694;2;3;1;0;Sales;Life Sciences;Divorced
25;4;1;4;4;3691;1;4;7;1;Research & Development;Technical Degree;Married
26;21;3;1;3;2377;1;2;1;1;Research & Development;Medical;Divorced
33;25;3;1;2;2313;4;3;2;1;Research & Development;Medical;Single
42;2;2;4;1;17665;0;3;22;0;Research & Development;Medical;Married
28;1;3;1;2;2596;1;3;1;1;Research & Development;Medical;Divorced
50;1;4;4;3;4728;3;3;0;1;Sales;Other;Single
33;7;3;4;2;4302;0;3;3;0;Sales;Life Sciences;Married
34;3;4;3;4;2979;3;3;0;0;Research & Development;Life Sciences;Married
48;1;4;1;4;16885;2;2;5;0;Research & Development;Medical;Single
45;9;4;2;3;5593;1;3;15;0;Sales;Life Sciences;Married
52;7;4;2;2;10445;7;3;8;0;Research & Development;Life Sciences;Single
38;10;4;3;3;8740;0;3;8;0;Sales;Marketing;Divorced
29;28;4;3;4;2514;4;3;7;0;Research & Development;Life Sciences;Divorced
28;3;3;4;2;7655;0;2;9;0;Research & Development;Medical;Divorced
46;3;1;1;3;17465;3;3;12;0;Sales;Marketing;Married
38;2;2;4;2;7351;7;3;1;0;Sales;Marketing;Single
43;27;3;3;1;10820;8;3;8;0;Research & Development;Life Sciences;Married
39;2;3;1;4;12169;7;3;18;1;Research & Development;Life Sciences;Divorced
40;14;3;3;3;19626;1;4;20;0;Research & Development;Medical;Single
21;1;1;4;2;2070;1;4;2;0;Research & Development;Technical Degree;Single
39;9;3;3;2;6782;9;2;5;0;Research & Development;Life Sciences;Single
36;18;4;1;4;7779;2;3;11;0;Research & Development;Life Sciences;Single
31;20;3;3;4;2791;0;3;2;0;Sales;Life Sciences;Married
28;2;1;1;2;3201;0;1;5;0;Research & Development;Life Sciences;Married
35;11;2;4;4;4968;1;3;5;0;Sales;Marketing;Divorced
49;8;4;4;2;13120;6;3;9;0;Sales;Technical Degree;Married
34;2;2;4;3;4033;2;2;3;0;Research & Development;Life Sciences;Single
29;10;3;4;2;3291;0;2;7;0;Research & Development;Life Sciences;Divorced
42;29;3;2;4;4272;4;3;1;0;Research & Development;Medical;Single
29;8;1;2;4;5056;1;2;10;0;Research & Development;Medical;Married
38;1;3;3;3;2844;1;4;7;0;Human Resources;Human Resources;Married
28;6;3;3;3;2703;1;3;3;0;Research & Development;Life Sciences;Divorced
18;8;1;3;3;1904;1;3;0;1;Research & Development;Medical;Single
33;9;4;1;1;8224;0;3;5;1;Sales;Marketing;Single
41;12;4;2;4;4766;3;3;1;0;Research & Development;Life Sciences;Married
31;15;3;3;3;2610;1;2;2;1;Research & Development;Medical;Married
37;25;2;3;4;5731;7;3;6;0;Research & Development;Medical;Divorced
27;6;3;4;3;2539;1;3;4;0;Research & Development;Life Sciences;Married
34;9;1;2;3;5714;1;2;6;0;Sales;Life Sciences;Married
35;8;4;3;3;4323;1;1;5;0;Human Resources;Technical Degree;Single
29;23;1;4;1;7336;1;1;11;1;Sales;Life Sciences;Married
40;9;4;2;3;13499;9;2;18;0;Research & Development;Medical;Single
42;12;3;3;1;13758;0;2;21;1;Sales;Life Sciences;Single
42;4;4;2;1;5155;7;4;6;0;Sales;Marketing;Single
35;1;4;4;3;2258;6;3;8;0;Research & Development;Medical;Married
24;24;3;4;2;3597;8;3;4;0;Research & Development;Medical;Single
28;12;1;3;4;2515;1;2;1;1;Research & Development;Life Sciences;Married
26;3;4;1;4;4420;1;3;8;0;Research & Development;Medical;Married
30;10;3;3;3;6578;1;3;10;0;Sales;Marketing;Married
40;26;2;3;4;4422;3;1;1;0;Research & Development;Medical;Married
35;2;3;3;2;10274;2;4;7;0;Research & Development;Life Sciences;Divorced
34;1;3;4;1;5343;0;3;13;0;Research & Development;Medical;Single
35;4;4;4;4;2376;1;4;2;0;Research & Development;Other;Married
43;9;3;1;3;5346;8;2;4;1;Sales;Marketing;Single
32;2;1;3;1;2827;1;3;1;0;Sales;Life Sciences;Divorced
56;4;4;4;1;19943;4;3;5;0;Research & Development;Technical Degree;Divorced
29;6;1;2;4;3131;1;3;10;0;Research & Development;Medical;Married
19;9;2;3;1;2552;1;3;1;0;Research & Development;Life Sciences;Single
45;7;3;1;3;4477;4;2;3;0;Research & Development;Medical;Married
37;1;3;4;4;6474;1;2;14;0;Research & Development;Life Sciences;Married
20;3;3;1;3;3033;1;2;2;0;Research & Development;Life Sciences;Single
44;10;4;3;3;2936;1;3;6;1;Research & Development;Life Sciences;Single
53;7;2;4;3;18606;3;3;7;0;Research & Development;Medical;Divorced
29;15;1;2;4;2168;0;2;5;0;Research & Development;Life Sciences;Married
22;3;4;3;4;2853;0;3;0;1;Research & Development;Life Sciences;Married
46;2;3;3;1;17048;8;3;26;0;Sales;Marketing;Married
44;17;3;4;3;2290;2;3;0;0;Research & Development;Life Sciences;Single
33;2;3;2;3;3600;1;3;5;0;Human Resources;Human Resources;Married
41;5;2;1;1;2107;6;1;1;1;Research & Development;Life Sciences;Divorced
30;29;4;3;1;4115;8;3;4;0;Sales;Life Sciences;Divorced
40;2;4;2;2;4327;5;3;0;0;Sales;Medical;Married
50;2;3;4;1;17856;2;3;2;0;Research & Development;Medical;Married
28;19;4;4;1;3196;1;3;6;0;Research & Development;Medical;Married
46;15;2;4;2;19081;5;3;4;0;Research & Development;Life Sciences;Married
35;17;4;3;1;8966;3;3;7;0;Sales;Life Sciences;Married
24;17;2;4;2;2210;1;1;1;1;Research & Development;Life Sciences;Married
33;25;3;2;3;4539;1;2;10;0;Sales;Medical;Married
36;6;4;3;3;2741;1;3;7;0;Research & Development;Life Sciences;Divorced
30;7;4;3;3;3491;1;2;10;0;Research & Development;Life Sciences;Divorced
44;29;4;4;4;4541;1;3;20;0;Research & Development;Other;Single
20;21;3;3;4;2678;1;3;2;0;Sales;Marketing;Single
46;2;4;4;4;7379;2;2;6;0;Research & Development;Technical Degree;Divorced
42;2;5;4;1;6272;7;4;4;0;Human Resources;Medical;Married
60;7;4;2;4;5220;0;3;11;0;Sales;Marketing;Divorced
32;13;3;3;2;2743;1;3;2;0;Research & Development;Other;Married
32;2;2;4;3;4998;4;3;8;0;Research & Development;Life Sciences;Single
36;1;3;3;1;10252;2;3;7;0;Research & Development;Technical Degree;Divorced
33;9;3;1;4;2781;0;3;14;0;Research & Development;Medical;Married
40;10;3;2;2;6852;7;4;5;0;Sales;Technical Degree;Divorced
25;10;4;3;4;4950;0;3;4;0;Sales;Life Sciences;Single
30;1;3;4;2;3579;0;3;11;0;Research & Development;Medical;Married
42;26;5;1;1;13191;3;3;1;0;Research & Development;Medical;Married
35;8;2;3;4;10377;4;2;13;0;Sales;Marketing;Married
27;14;3;1;1;2235;1;2;9;0;Research & Development;Life Sciences;Married
54;1;4;4;3;10502;7;1;5;0;Research & Development;Life Sciences;Divorced
44;2;1;1;4;2011;1;3;10;0;Research & Development;Life Sciences;Married
19;10;3;1;2;1859;1;4;1;1;Research & Development;Medical;Single
29;1;3;1;4;3760;1;3;3;0;Research & Development;Life Sciences;Divorced
54;3;3;4;4;17779;3;3;10;0;Research & Development;Life Sciences;Married
31;11;2;3;1;6833;1;2;6;0;Research & Development;Medical;Married
31;24;3;3;1;6812;1;3;10;0;Research & Development;Medical;Single
59;3;3;3;4;5171;5;3;6;0;Sales;Life Sciences;Single
43;3;3;3;4;19740;3;3;8;0;Research & Development;Life Sciences;Married
49;4;2;1;3;18711;2;4;1;0;Research & Development;Medical;Married
36;3;3;3;2;3692;1;2;11;0;Research & Development;Technical Degree;Married
48;2;2;4;2;2559;5;2;1;0;Research & Development;Technical Degree;Single
27;4;2;1;3;2517;1;3;5;0;Research & Development;Life Sciences;Divorced
29;7;3;3;4;6623;1;3;6;0;Research & Development;Life Sciences;Divorced
48;1;3;4;4;18265;6;4;1;0;Research & Development;Life Sciences;Single
29;1;3;4;4;16124;3;2;7;0;Research & Development;Life Sciences;Divorced
34;20;3;3;3;2585;0;2;1;0;Research & Development;Technical Degree;Married
44;5;3;2;2;18213;7;3;22;0;Sales;Marketing;Married
33;10;5;4;3;8380;0;3;9;0;Sales;Marketing;Divorced
19;25;3;2;4;2994;1;3;1;0;Research & Development;Life Sciences;Single
23;1;2;4;3;1223;1;3;1;0;Research & Development;Life Sciences;Married
25;24;1;3;4;1118;1;3;1;1;Sales;Life Sciences;Single
26;4;2;3;4;2875;1;2;8;0;Research & Development;Life Sciences;Single
45;2;3;1;2;18824;2;3;24;1;Sales;Marketing;Single
55;8;1;4;2;13577;1;3;33;0;Research & Development;Medical;Divorced
21;10;2;1;3;2625;1;1;2;1;Research & Development;Life Sciences;Single
46;4;2;4;2;18789;2;3;11;0;Sales;Marketing;Married
34;2;3;3;1;4538;0;3;3;0;Sales;Marketing;Single
51;9;3;4;2;19847;4;2;29;0;Sales;Life Sciences;Divorced
59;18;4;4;4;10512;6;2;9;0;Research & Development;Medical;Single
34;19;3;3;2;4444;4;4;11;0;Research & Development;Medical;Divorced
28;1;4;4;3;2154;0;2;4;0;Research & Development;Medical;Single
44;4;2;3;1;19190;1;2;25;0;Research & Development;Life Sciences;Divorced
34;11;3;3;2;4490;4;4;10;0;Human Resources;Life Sciences;Married
35;6;1;3;3;3506;0;3;3;0;Research & Development;Life Sciences;Married
42;7;4;2;2;2372;6;3;1;0;Research & Development;Medical;Married
43;4;4;4;4;10231;3;4;21;0;Sales;Marketing;Single
36;2;4;3;2;5410;9;3;16;0;Research & Development;Life Sciences;Single
44;15;3;1;4;7978;1;3;10;1;Research & Development;Medical;Married
28;2;3;4;4;3867;1;3;2;0;Research & Development;Life Sciences;Married
51;6;2;2;3;2838;0;2;7;0;Research & Development;Medical;Single
30;9;2;3;3;4695;7;3;8;0;Research & Development;Medical;Single
29;7;3;2;3;3339;3;3;7;1;Research & Development;Technical Degree;Divorced
28;1;3;4;1;2080;2;2;3;0;Research & Development;Technical Degree;Single
25;1;3;4;2;2096;1;2;2;0;Research & Development;Medical;Single
32;8;3;3;4;6209;1;4;10;0;Sales;Medical;Married
45;25;3;2;2;18061;3;3;0;0;Research & Development;Medical;Single
39;13;4;3;2;17123;6;3;19;0;Research & Development;Medical;Divorced
58;23;4;1;3;2372;1;3;2;0;Research & Development;Life Sciences;Divorced
32;7;2;4;3;4883;1;3;10;1;Research & Development;Life Sciences;Married
39;23;3;3;1;3904;0;3;5;1;Research & Development;Medical;Single
30;6;3;1;4;4627;0;3;9;0;Research & Development;Technical Degree;Married
36;10;4;4;3;7094;3;3;7;0;Research & Development;Technical Degree;Married
46;1;2;4;1;3423;6;4;7;0;Human Resources;Life Sciences;Single
28;1;3;3;4;6674;0;3;9;0;Research & Development;Life Sciences;Married
50;28;3;4;1;16880;4;3;3;0;Research & Development;Life Sciences;Married
40;25;4;4;2;9094;2;3;5;1;Sales;Marketing;Single
52;5;3;2;2;8446;9;2;8;1;Sales;Life Sciences;Single
30;17;4;2;1;11916;1;3;9;0;Research & Development;Medical;Married
39;18;2;1;3;4534;0;3;8;0;Research & Development;Life Sciences;Single
31;2;4;4;3;9852;1;2;10;0;Sales;Life Sciences;Divorced
41;10;2;3;2;6151;1;3;19;0;Sales;Medical;Single
31;1;3;4;2;2302;1;4;3;1;Sales;Life Sciences;Single
44;3;3;1;1;2362;4;4;3;1;Research & Development;Life Sciences;Married
42;2;1;3;3;17861;0;2;20;0;Research & Development;Life Sciences;Married
55;2;2;4;3;19187;4;3;19;0;Research & Development;Medical;Married
56;8;4;4;2;19717;6;3;7;0;Human Resources;Life Sciences;Single
40;16;2;3;3;3544;9;3;4;0;Research & Development;Life Sciences;Divorced
34;9;3;4;4;8500;0;2;9;0;Research & Development;Life Sciences;Divorced
40;2;3;3;4;4661;1;3;9;0;Research & Development;Life Sciences;Single
41;1;3;3;1;4103;0;3;9;0;Sales;Marketing;Divorced
35;4;4;3;3;4249;1;3;9;0;Research & Development;Life Sciences;Single
51;5;3;3;2;14026;1;3;33;0;Human Resources;Life Sciences;Divorced
38;2;2;2;1;6893;3;3;7;0;Sales;Life Sciences;Divorced
34;15;2;3;1;6125;1;4;10;0;Sales;Medical;Single
25;19;1;4;4;3669;3;2;3;0;Research & Development;Medical;Married
58;7;4;3;1;10008;7;2;10;1;Research & Development;Medical;Married
40;1;4;2;2;2387;3;3;4;0;Research & Development;Life Sciences;Married
36;7;3;1;1;4639;2;2;15;0;Sales;Marketing;Married
48;4;3;4;4;7898;1;3;10;0;Research & Development;Life Sciences;Single
27;11;3;3;4;2534;8;3;1;0;Sales;Medical;Married
51;11;2;4;2;13142;3;2;5;0;Research & Development;Technical Degree;Single
18;1;3;4;4;1611;1;4;0;0;Research & Development;Life Sciences;Single
35;1;3;4;4;5363;0;3;9;0;Research & Development;Medical;Married
27;2;1;4;4;5071;3;3;6;0;Sales;Life Sciences;Single
55;13;4;1;3;13695;6;2;19;1;Sales;Marketing;Single
56;23;3;4;2;13402;4;3;19;0;Research & Development;Life Sciences;Married
34;26;1;1;3;2029;1;3;5;0;Research & Development;Technical Degree;Divorced
40;2;1;2;3;6377;5;3;12;0;Research & Development;Medical;Divorced
34;29;3;2;3;5429;4;3;8;0;Research & Development;Medical;Married
31;2;3;3;4;2785;7;4;1;1;Sales;Life Sciences;Single
35;18;4;4;3;4614;0;2;4;1;Sales;Marketing;Married
38;7;3;4;3;2610;1;3;4;0;Research & Development;Life Sciences;Divorced
34;2;4;3;4;6687;1;4;14;0;Research & Development;Technical Degree;Single
28;26;3;3;1;4724;1;3;5;0;Sales;Life Sciences;Married
31;22;4;4;3;6179;1;2;10;1;Research & Development;Medical;Married
39;21;4;1;4;6120;3;4;5;0;Sales;Life Sciences;Married
51;2;3;2;2;10596;2;3;4;0;Sales;Marketing;Married
41;22;3;4;4;5467;3;2;6;0;Research & Development;Life Sciences;Divorced
37;4;1;3;3;2996;7;3;6;0;Research & Development;Life Sciences;Married
33;5;1;2;4;9998;6;4;5;0;Sales;Life Sciences;Married
32;2;1;3;2;4078;0;2;3;0;Sales;Marketing;Married
39;25;2;3;3;10920;3;3;6;0;Research & Development;Life Sciences;Married
25;18;1;1;3;6232;2;2;3;0;Sales;Life Sciences;Married
52;28;2;4;3;13247;2;2;5;0;Research & Development;Medical;Married
43;6;3;1;3;4081;1;1;20;0;Research & Development;Medical;Single
27;10;3;4;4;5769;1;3;6;0;Sales;Marketing;Married
27;17;4;4;3;2394;1;3;8;1;Research & Development;Life Sciences;Single
26;2;1;1;4;3904;0;3;4;0;Research & Development;Medical;Single
42;10;3;3;1;16799;0;3;20;0;Human Resources;Human Resources;Married
52;8;4;3;1;2950;9;1;5;0;Research & Development;Other;Married
37;11;3;1;3;3629;4;3;3;0;Research & Development;Medical;Single
35;18;2;3;4;9362;2;3;2;0;Research & Development;Life Sciences;Single
25;1;3;1;4;3229;4;2;3;0;Research & Development;Technical Degree;Married
26;7;3;3;1;3578;0;3;7;0;Research & Development;Other;Single
29;17;3;2;1;7988;1;2;10;0;Human Resources;Other;Single
49;28;2;1;1;4284;3;3;4;1;Research & Development;Life Sciences;Single
29;14;1;3;4;7553;0;3;8;1;Research & Development;Other;Single
54;1;3;4;4;17328;6;2;20;0;Research & Development;Medical;Single
58;1;3;4;1;19701;3;3;9;0;Research & Development;Medical;Married
55;1;4;2;4;14732;2;4;7;0;Research & Development;Medical;Divorced
36;3;4;1;2;9278;3;3;5;0;Sales;Marketing;Single
31;1;4;2;3;1359;1;3;1;1;Sales;Life Sciences;Single
30;7;4;4;1;4779;7;3;3;0;Sales;Marketing;Divorced
31;8;5;1;2;16422;3;4;3;0;Research & Development;Life Sciences;Single
34;1;4;4;1;2996;5;3;4;0;Research & Development;Other;Divorced
31;8;3;1;2;1261;1;4;1;1;Research & Development;Life Sciences;Single
27;11;1;2;1;2099;0;4;5;0;Research & Development;Life Sciences;Married
36;4;4;1;4;5810;1;2;10;0;Research & Development;Life Sciences;Single
36;16;4;3;1;5647;4;2;3;0;Sales;Marketing;Married
47;1;3;1;4;3420;7;2;6;0;Research & Development;Technical Degree;Married
25;9;2;1;1;4400;3;3;3;1;Sales;Life Sciences;Married
37;5;2;3;3;3500;0;1;6;0;Research & Development;Technical Degree;Single
56;1;2;1;1;2066;2;4;3;0;Research & Development;Life Sciences;Married
47;2;4;1;3;17169;3;4;20;0;Research & Development;Medical;Married
24;4;1;4;3;4162;1;3;5;0;Sales;Medical;Married
32;7;5;4;4;9204;4;2;4;0;Sales;Marketing;Married
34;1;3;4;2;3294;5;2;5;0;Research & Development;Life Sciences;Married
41;5;5;2;3;2127;2;2;4;0;Research & Development;Medical;Married
40;9;4;3;3;3975;3;4;8;0;Research & Development;Other;Divorced
31;8;2;1;4;10793;1;3;13;0;Sales;Life Sciences;Divorced
46;9;3;1;4;10096;4;4;7;1;Sales;Marketing;Divorced
39;2;3;1;1;3646;2;4;1;1;Research & Development;Life Sciences;Single
31;1;5;3;2;7446;1;3;10;1;Research & Development;Life Sciences;Single
45;20;3;2;1;10851;2;3;7;0;Research & Development;Medical;Divorced
31;8;2;4;2;2109;9;3;3;0;Human Resources;Medical;Single
31;2;3;2;4;3722;6;1;2;1;Research & Development;Life Sciences;Married
45;29;3;2;4;9380;4;4;3;0;Research & Development;Technical Degree;Married
48;7;3;3;1;5486;4;3;2;0;Sales;Marketing;Divorced
34;9;4;1;3;2742;1;3;2;1;Human Resources;Technical Degree;Married
40;8;1;4;2;13757;2;3;9;0;Research & Development;Medical;Divorced
28;5;3;4;1;8463;0;3;5;0;Sales;Medical;Single
44;5;3;3;3;3162;3;3;5;0;Research & Development;Life Sciences;Single
53;2;3;4;2;16598;4;2;9;0;Research & Development;Medical;Single
49;5;4;1;3;6651;2;2;3;0;Research & Development;Technical Degree;Married
40;2;3;3;3;2345;2;4;3;0;Research & Development;Medical;Divorced
44;20;3;4;2;3420;1;2;5;0;Research & Development;Life Sciences;Single
33;7;3;4;1;4373;0;3;4;0;Sales;Medical;Married
34;3;3;4;1;4759;3;3;13;0;Sales;Other;Single
30;16;1;4;3;5301;8;2;2;0;Sales;Life Sciences;Married
42;9;2;1;4;3673;1;3;12;0;Research & Development;Medical;Single
44;1;5;1;3;4768;7;2;1;0;Sales;Marketing;Married
30;7;3;3;3;1274;1;2;1;0;Research & Development;Technical Degree;Divorced
57;1;2;2;3;4900;0;2;12;0;Research & Development;Life Sciences;Married
49;7;4;3;2;10466;3;3;8;0;Research & Development;Life Sciences;Divorced
34;15;3;2;1;17007;7;2;14;0;Research & Development;Medical;Divorced
28;1;3;1;3;2909;3;4;3;1;Sales;Technical Degree;Married
29;13;3;1;2;5765;5;1;5;1;Sales;Technical Degree;Single
34;24;4;1;2;4599;0;4;15;1;Sales;Medical;Single
35;7;1;4;3;2404;1;3;1;0;Sales;Life Sciences;Married
24;9;3;2;1;3172;2;2;0;1;Research & Development;Medical;Single
24;13;2;4;2;2033;1;3;1;0;Sales;Life Sciences;Married
44;2;1;2;3;10209;5;2;2;0;Research & Development;Medical;Single
29;19;3;3;3;8620;1;3;10;0;Sales;Life Sciences;Divorced
30;1;3;3;3;2064;0;4;5;0;Human Resources;Life Sciences;Divorced
55;4;4;4;3;4035;0;3;3;0;Research & Development;Life Sciences;Married
33;4;4;1;2;3838;8;3;5;0;Research & Development;Medical;Married
47;14;3;3;3;4591;3;2;5;0;Sales;Medical;Married
28;2;2;3;1;2561;7;2;0;1;Research & Development;Medical;Single
28;1;3;1;3;1563;1;1;1;0;Research & Development;Life Sciences;Divorced
28;7;3;3;1;4898;0;3;4;0;Sales;Life Sciences;Single
49;3;2;3;1;4789;4;3;3;0;Research & Development;Medical;Married
29;2;1;4;2;3180;0;3;3;0;Research & Development;Life Sciences;Married
28;29;1;3;2;6549;1;2;8;0;Research & Development;Life Sciences;Married
33;8;5;4;3;6388;2;3;0;0;Research & Development;Life Sciences;Single
32;10;3;3;4;11244;2;4;5;0;Research & Development;Medical;Single
54;11;4;2;4;16032;3;3;14;0;Research & Development;Medical;Divorced
29;1;4;1;1;2362;6;1;9;1;Research & Development;Technical Degree;Single
44;28;3;4;1;16328;3;4;20;0;Research & Development;Life Sciences;Married
39;6;3;2;2;8376;4;3;2;0;Research & Development;Life Sciences;Single
46;3;3;3;2;16606;8;4;13;0;Sales;Life Sciences;Married
35;16;3;4;2;8606;1;1;11;0;Research & Development;Life Sciences;Single
23;20;1;1;3;2272;0;3;4;0;Research & Development;Life Sciences;Single
40;9;4;4;1;2018;3;1;5;1;Research & Development;Life Sciences;Single
34;1;3;4;3;7083;1;3;10;0;Sales;Technical Degree;Married
31;3;3;4;3;4084;1;1;7;1;Research & Development;Life Sciences;Single
50;22;5;3;4;14411;1;3;32;0;Research & Development;Medical;Single
34;7;2;2;3;2308;0;3;11;0;Sales;Technical Degree;Married
42;2;3;3;2;4841;4;3;1;0;Research & Development;Medical;Married
37;13;3;1;4;4285;1;3;10;0;Research & Development;Medical;Married
29;8;1;3;1;9715;3;3;7;0;Research & Development;Other;Married
33;25;3;4;2;4320;1;3;5;0;Research & Development;Life Sciences;Single
45;28;3;4;4;2132;4;3;5;0;Research & Development;Technical Degree;Married
42;2;3;4;4;10124;2;1;20;0;Research & Development;Life Sciences;Married
40;9;2;1;1;5473;0;4;8;0;Sales;Medical;Married
33;28;4;2;3;5207;1;3;15;0;Research & Development;Life Sciences;Married
40;6;2;3;4;16437;1;3;21;0;Human Resources;Medical;Single
24;21;2;3;1;2296;0;3;1;0;Research & Development;Technical Degree;Divorced
40;8;2;4;4;4069;3;3;2;0;Research & Development;Life Sciences;Divorced
45;1;4;1;2;7441;1;3;10;0;Research & Development;Technical Degree;Divorced
35;28;4;2;3;2430;0;3;5;0;Sales;Life Sciences;Married
32;5;2;4;2;5878;3;3;7;0;Research & Development;Life Sciences;Married
36;2;4;3;4;2644;3;2;3;0;Sales;Life Sciences;Single
48;16;4;3;3;6439;8;3;8;0;Sales;Life Sciences;Divorced
29;9;3;3;3;2451;6;2;1;0;Research & Development;Life Sciences;Married
33;8;4;1;1;6392;2;1;2;0;Sales;Life Sciences;Married
30;1;3;2;1;9714;1;3;10;1;Sales;Life Sciences;Married
38;10;4;3;3;6077;3;3;6;0;Human Resources;Human Resources;Married
35;1;3;4;1;2450;1;3;3;0;Research & Development;Medical;Single
30;29;4;3;2;9250;3;3;4;0;Sales;Technical Degree;Married
35;2;3;1;1;2074;1;3;1;1;Research & Development;Life Sciences;Divorced
53;2;5;3;4;10169;0;3;33;1;Research & Development;Technical Degree;Married
38;2;3;3;2;4855;4;3;5;1;Research & Development;Medical;Married
32;1;4;4;1;4087;4;2;6;0;Research & Development;Technical Degree;Married
48;15;4;3;1;2367;8;2;8;0;Research & Development;Other;Married
34;7;4;1;4;2972;1;1;1;0;Research & Development;Medical;Single
55;26;5;3;4;19586;1;3;36;0;Sales;Marketing;Married
34;1;4;2;4;5484;9;2;2;0;Research & Development;Life Sciences;Married
26;3;3;1;4;2061;1;3;1;0;Research & Development;Life Sciences;Married
38;14;3;3;2;9924;0;3;9;0;Sales;Life Sciences;Married
38;16;3;2;2;4198;2;4;3;0;Sales;Life Sciences;Single
36;1;4;2;3;6815;6;3;1;0;Sales;Life Sciences;Single
29;3;1;2;1;4723;1;3;10;0;Research & Development;Medical;Single
35;10;4;1;3;6142;3;3;5;0;Research & Development;Medical;Single
39;6;3;4;3;8237;2;3;7;0;Sales;Medical;Married
29;2;1;1;4;8853;1;4;6;0;Research & Development;Life Sciences;Divorced
50;9;3;3;3;19331;4;3;1;0;Sales;Marketing;Married
23;10;3;4;3;2073;2;3;2;0;Research & Development;Technical Degree;Married
36;6;4;1;1;5562;3;3;3;0;Research & Development;Life Sciences;Married
42;9;2;4;4;19613;8;3;1;0;Research & Development;Other;Single
35;28;3;2;3;3407;1;2;10;0;Research & Development;Life Sciences;Married
34;10;4;4;3;5063;1;2;8;0;Research & Development;Technical Degree;Married
40;14;2;4;1;4639;1;3;5;0;Sales;Life Sciences;Married
43;27;3;4;2;4876;5;3;6;0;Research & Development;Technical Degree;Divorced
35;7;2;3;4;2690;1;2;1;0;Research & Development;Life Sciences;Married
46;1;4;4;1;17567;1;1;26;0;Sales;Life Sciences;Single
28;24;3;3;2;2408;1;3;1;1;Research & Development;Medical;Married
22;26;2;2;3;2814;1;2;4;0;Research & Development;Other;Married
50;20;5;2;3;11245;2;3;30;0;Research & Development;Medical;Married
32;5;4;2;4;3312;3;3;3;0;Research & Development;Other;Married
44;7;3;2;4;19049;0;2;22;0;Research & Development;Medical;Divorced
30;7;3;2;2;2141;1;2;6;0;Research & Development;Medical;Married
45;5;5;3;1;5769;1;3;10;0;Research & Development;Medical;Single
45;26;3;1;1;4385;1;3;10;0;Sales;Marketing;Married
31;2;4;4;1;5332;7;3;5;0;Sales;Other;Single
36;12;4;3;3;4663;9;3;3;0;Research & Development;Life Sciences;Married
34;10;4;3;4;4724;1;3;9;0;Research & Development;Life Sciences;Divorced
49;25;4;3;1;3211;1;2;9;0;Research & Development;Life Sciences;Married
39;10;5;2;1;5377;2;3;7;0;Research & Development;Medical;Married
27;19;3;4;1;4066;1;3;7;0;Research & Development;Other;Divorced
35;18;5;2;1;5208;1;3;16;0;Research & Development;Life Sciences;Married
28;27;3;2;1;4877;0;2;5;0;Research & Development;Medical;Divorced
21;5;1;3;4;3117;1;3;2;0;Research & Development;Medical;Single
18;3;2;2;4;1569;1;4;0;1;Sales;Medical;Single
47;26;4;4;3;19658;3;3;5;0;Human Resources;Life Sciences;Married
39;3;2;3;3;3069;0;3;10;0;Research & Development;Medical;Divorced
40;15;3;1;3;10435;1;3;18;0;Research & Development;Life Sciences;Married
35;8;4;3;3;4148;1;3;14;0;Research & Development;Life Sciences;Married
37;19;3;3;3;5768;3;2;4;0;Research & Development;Life Sciences;Married
39;4;3;1;3;5042;0;1;9;0;Research & Development;Medical;Single
45;2;2;4;4;5770;1;3;10;0;Research & Development;Other;Divorced
38;2;2;4;3;7756;3;4;5;0;Research & Development;Medical;Married
35;10;3;4;1;10306;9;3;13;1;Sales;Medical;Married
37;10;3;2;2;3936;1;1;8;0;Research & Development;Medical;Married
40;16;3;3;4;7945;6;2;4;0;Research & Development;Life Sciences;Single
44;1;5;1;4;5743;4;3;10;0;Human Resources;Human Resources;Married
48;4;5;3;4;15202;2;3;2;0;Research & Development;Medical;Married
35;15;2;1;4;5440;6;2;2;1;Sales;Medical;Divorced
24;2;1;1;4;3760;1;3;6;0;Research & Development;Technical Degree;Single
27;8;3;2;3;3517;7;3;3;0;Research & Development;Medical;Married
27;2;3;4;4;2580;2;2;4;0;Research & Development;Medical;Single
40;7;3;1;1;2166;3;1;4;1;Research & Development;Life Sciences;Single
29;10;3;3;3;5869;9;3;5;0;Sales;Medical;Single
36;5;4;2;1;8008;4;3;3;0;Research & Development;Life Sciences;Married
25;2;1;4;3;5206;1;3;7;0;Research & Development;Life Sciences;Divorced
39;12;3;4;2;5295;4;3;5;0;Research & Development;Medical;Married
49;22;4;1;2;16413;3;3;4;0;Research & Development;Other;Married
50;17;5;4;1;13269;5;3;14;0;Research & Development;Life Sciences;Divorced
20;2;3;3;3;2783;1;3;2;0;Sales;Medical;Single
34;3;3;4;2;5433;1;3;11;0;Research & Development;Life Sciences;Divorced
36;7;3;1;2;2013;2;3;4;0;Research & Development;Life Sciences;Single
49;6;1;3;3;13966;2;3;15;0;Research & Development;Life Sciences;Married
36;1;4;4;3;4374;0;3;3;0;Research & Development;Medical;Married
36;3;2;4;1;6842;6;3;5;0;Research & Development;Life Sciences;Divorced
54;22;5;2;3;17426;3;3;10;0;Research & Development;Medical;Married
43;15;2;3;3;17603;1;3;14;0;Research & Development;Life Sciences;Married
35;12;4;4;4;4581;3;4;11;1;Sales;Other;Single
38;1;3;4;4;4735;7;4;13;0;Research & Development;Life Sciences;Married
29;5;3;1;2;4187;1;2;10;0;Sales;Medical;Divorced
33;2;4;4;4;5505;1;3;6;0;Sales;Medical;Divorced
32;2;3;4;2;5470;0;2;9;0;Research & Development;Medical;Divorced
31;5;4;1;4;5476;1;3;10;0;Sales;Life Sciences;Married
49;16;3;4;1;2587;4;2;2;0;Research & Development;Medical;Divorced
38;2;3;4;2;2440;1;3;4;0;Research & Development;Medical;Single
47;2;4;2;2;15972;6;3;3;0;Sales;Life Sciences;Divorced
49;1;3;3;3;15379;4;3;8;0;Research & Development;Life Sciences;Single
41;23;2;4;3;7082;3;3;2;0;Sales;Life Sciences;Single
20;9;1;4;1;2728;1;3;2;0;Sales;Life Sciences;Single
33;16;3;3;4;5368;1;3;6;0;Sales;Life Sciences;Divorced
36;26;4;1;3;5347;6;2;3;0;Research & Development;Life Sciences;Married
44;1;3;3;4;3195;4;3;2;0;Human Resources;Life Sciences;Divorced
23;8;1;4;3;3989;1;3;5;1;Research & Development;Medical;Single
38;4;2;4;3;3306;7;2;0;0;Research & Development;Medical;Married
53;24;4;2;4;7005;3;3;4;0;Research & Development;Medical;Married
48;7;2;4;3;2655;2;3;9;1;Sales;Medical;Married
32;2;4;4;2;1393;1;3;1;1;Research & Development;Life Sciences;Single
26;7;3;4;4;2570;1;3;7;0;Research & Development;Medical;Single
55;22;3;1;2;3537;5;3;4;0;Research & Development;Technical Degree;Divorced
34;5;2;2;4;3986;1;4;15;0;Research & Development;Medical;Married
60;1;4;3;4;10883;3;4;1;0;Research & Development;Medical;Divorced
33;21;3;2;2;2028;1;3;14;0;Research & Development;Medical;Married
37;1;4;3;4;9525;1;2;6;0;Sales;Medical;Divorced
34;19;3;2;4;2929;1;3;10;0;Research & Development;Life Sciences;Married
23;7;3;3;4;2275;1;3;3;1;Sales;Life Sciences;Divorced
44;2;3;3;4;7879;1;3;8;0;Research & Development;Life Sciences;Married
35;2;4;1;4;4930;0;4;5;0;Research & Development;Medical;Single
43;2;3;4;4;7847;1;3;10;0;Sales;Medical;Married
24;9;3;3;3;4401;1;3;5;0;Research & Development;Medical;Married
41;6;3;4;3;9241;1;3;10;0;Sales;Marketing;Single
29;9;4;4;3;2974;9;3;5;0;Research & Development;Medical;Married
36;2;4;3;4;4502;3;2;13;0;Sales;Life Sciences;Single
45;1;1;3;3;10748;3;2;23;0;Research & Development;Life Sciences;Married
24;22;1;4;3;1555;1;3;1;1;Human Resources;Human Resources;Married
47;9;3;3;3;12936;7;1;23;1;Sales;Life Sciences;Married
26;17;4;4;3;2305;1;4;3;0;Research & Development;Medical;Married
45;28;2;4;2;16704;1;3;21;0;Research & Development;Technical Degree;Single
32;10;3;1;3;3433;6;2;5;0;Research & Development;Life Sciences;Married
31;2;4;2;3;3477;1;4;5;0;Research & Development;Life Sciences;Married
41;4;3;3;2;6430;6;3;3;0;Human Resources;Human Resources;Married
40;8;2;2;1;6516;2;3;1;0;Research & Development;Life Sciences;Married
24;29;1;2;1;3907;1;4;6;0;Research & Development;Medical;Divorced
46;13;4;3;2;5562;6;3;10;0;Research & Development;Life Sciences;Single
35;27;4;4;3;6883;2;3;7;0;Research & Development;Life Sciences;Married
30;16;1;2;4;2862;1;2;10;0;Research & Development;Life Sciences;Married
47;2;4;3;2;4978;7;1;1;0;Sales;Marketing;Married
46;2;3;3;4;10368;4;2;10;0;Sales;Life Sciences;Divorced
36;13;5;2;1;6134;5;3;2;1;Sales;Marketing;Divorced
32;1;2;1;2;6735;6;3;0;1;Sales;Life Sciences;Single
23;4;1;3;2;3295;1;1;3;0;Research & Development;Medical;Single
31;24;1;4;4;5238;2;2;5;0;Research & Development;Technical Degree;Single
39;1;3;4;4;6472;1;3;9;0;Research & Development;Life Sciences;Married
32;19;3;4;3;9610;3;1;4;0;Sales;Life Sciences;Married
40;7;4;2;2;19833;1;2;21;0;Sales;Medical;Single
45;4;3;3;3;9756;4;4;5;0;Human Resources;Life Sciences;Married
30;2;4;4;1;4968;0;3;9;0;Research & Development;Technical Degree;Single
24;10;3;1;4;2145;0;3;2;0;Human Resources;Medical;Married
30;8;3;3;4;2180;6;2;4;1;Human Resources;Human Resources;Divorced
31;5;3;1;3;8346;1;3;5;0;Sales;Technical Degree;Married
27;8;3;3;4;3445;1;2;6;0;Research & Development;Medical;Single
29;9;3;2;2;2760;1;3;2;1;Sales;Marketing;Single
29;1;3;4;3;6294;8;4;3;0;Research & Development;Life Sciences;Single
30;15;2;3;1;7140;2;3;7;0;Sales;Marketing;Divorced
34;2;4;4;4;2932;0;3;5;0;Research & Development;Medical;Married
33;2;3;4;2;5147;8;2;11;0;Sales;Marketing;Single
49;11;4;4;4;4507;3;4;5;0;Sales;Marketing;Single
33;16;3;1;1;8564;2;2;0;1;Sales;Life Sciences;Single
38;2;2;3;2;2468;4;2;6;0;Research & Development;Medical;Married
31;16;4;1;3;8161;2;3;1;1;Sales;Marketing;Married
29;4;3;4;1;2109;1;3;1;0;Research & Development;Technical Degree;Divorced
30;16;3;3;3;5294;3;3;7;0;Research & Development;Life Sciences;Married
32;5;4;2;2;2718;2;3;7;0;Research & Development;Technical Degree;Single
38;18;3;2;4;5811;3;3;1;0;Research & Development;Medical;Married
43;17;3;3;3;2437;9;3;1;1;Research & Development;Technical Degree;Married
42;12;3;2;2;2766;8;2;5;0;Research & Development;Medical;Divorced
55;2;3;3;1;19038;8;3;1;0;Research & Development;Medical;Married
33;4;3;4;2;3055;5;2;9;0;Research & Development;Technical Degree;Divorced
41;9;4;3;1;2289;1;3;5;0;Research & Development;Life Sciences;Divorced
34;10;3;4;3;4001;1;3;15;0;Sales;Life Sciences;Divorced
53;1;4;1;3;12965;4;2;3;0;Research & Development;Medical;Married
43;2;3;2;4;3539;0;3;9;0;Human Resources;Life Sciences;Single
34;3;2;4;4;6029;5;3;2;0;Sales;Life Sciences;Single
21;7;1;2;2;2679;1;3;1;1;Sales;Marketing;Single
38;6;2;4;3;3702;1;3;5;0;Research & Development;Other;Married
22;8;1;3;1;2398;1;3;1;1;Research & Development;Medical;Married
31;29;4;1;4;5468;1;3;12;0;Sales;Marketing;Married
51;3;3;1;3;13116;2;3;2;0;Research & Development;Technical Degree;Married
37;9;2;2;2;4189;1;3;5;0;Sales;Marketing;Married
46;2;4;3;4;19328;7;3;2;0;Research & Development;Medical;Divorced
36;10;3;4;1;8321;7;3;12;0;Research & Development;Life Sciences;Married
44;1;2;3;2;2342;1;2;5;1;Research & Development;Medical;Divorced
37;8;2;3;2;4071;2;2;10;0;Human Resources;Other;Divorced
35;27;3;3;4;5813;1;3;10;1;Sales;Life Sciences;Single
33;8;4;4;1;3143;6;3;10;0;Research & Development;Life Sciences;Married
28;1;3;3;4;2044;1;4;5;0;Research & Development;Life Sciences;Married
39;10;1;3;3;13464;7;3;4;0;Research & Development;Medical;Single
46;26;2;2;2;7991;8;3;2;0;Sales;Life Sciences;Single
40;2;2;3;1;3377;4;2;4;0;Research & Development;Life Sciences;Married
42;13;3;2;1;5538;5;2;0;0;Research & Development;Medical;Married
35;2;2;2;4;5762;2;3;7;0;Research & Development;Medical;Divorced
38;2;3;1;2;2592;5;3;11;0;Human Resources;Human Resources;Divorced
34;9;4;4;1;5346;4;2;7;1;Research & Development;Life Sciences;Married
37;10;4;4;1;4213;1;1;10;1;Research & Development;Medical;Single
39;20;3;3;4;4127;2;3;2;0;Sales;Life Sciences;Divorced
43;9;3;1;3;2438;4;2;3;0;Research & Development;Life Sciences;Single
41;5;3;2;2;6870;3;1;3;0;Research & Development;Life Sciences;Single
41;4;1;3;3;10447;0;4;22;0;Sales;Marketing;Divorced
30;10;3;1;3;9667;9;3;7;0;Research & Development;Medical;Single
26;20;2;4;2;2148;0;3;5;1;Human Resources;Medical;Married
46;21;2;4;2;8926;4;4;9;1;Research & Development;Medical;Married
40;1;3;3;4;6513;4;3;5;0;Research & Development;Life Sciences;Divorced
34;8;2;2;3;6799;1;3;10;0;Sales;Technical Degree;Married
58;2;3;2;2;16291;4;2;16;0;Sales;Medical;Divorced
35;23;4;2;3;2705;0;4;5;0;Research & Development;Medical;Married
47;4;3;3;2;10333;8;3;22;0;Research & Development;Life Sciences;Divorced
40;12;3;2;1;4448;2;3;7;0;Research & Development;Life Sciences;Divorced
54;7;4;4;4;6854;4;2;7;0;Research & Development;Medical;Married
31;7;4;1;1;9637;2;3;3;0;Sales;Marketing;Married
28;1;3;3;1;3591;1;3;3;0;Research & Development;Medical;Married
38;2;4;2;4;5405;2;2;4;0;Sales;Marketing;Married
26;10;3;3;4;4684;1;3;5;0;Sales;Medical;Single
58;15;4;1;3;15787;2;3;2;0;Research & Development;Life Sciences;Married
18;14;3;2;3;1514;1;1;0;0;Research & Development;Medical;Single
31;18;5;4;1;2956;0;3;1;1;Human Resources;Human Resources;Married
29;13;3;1;1;2335;4;3;2;1;Human Resources;Human Resources;Divorced
45;2;4;3;3;5154;4;4;8;0;Sales;Life Sciences;Married
36;2;4;4;2;6962;4;3;1;0;Research & Development;Other;Married
43;2;4;1;4;5675;1;3;7;0;Sales;Life Sciences;Married
27;5;2;4;4;2379;0;2;5;0;Research & Development;Life Sciences;Single
29;20;1;4;4;3812;1;4;11;0;Research & Development;Medical;Married
32;10;4;4;4;4648;8;4;0;0;Sales;Marketing;Single
42;10;4;3;3;2936;3;2;6;0;Research & Development;Technical Degree;Married
47;9;4;2;3;2105;4;3;2;0;Research & Development;Life Sciences;Single
46;2;2;4;4;8578;3;2;9;0;Research & Development;Life Sciences;Divorced
28;1;2;3;4;2706;1;3;3;0;Human Resources;Life Sciences;Divorced
29;29;1;4;3;6384;8;3;7;0;Research & Development;Life Sciences;Divorced
42;8;3;4;3;3968;4;3;0;0;Research & Development;Life Sciences;Single
32;2;4;3;2;9907;7;2;2;1;Sales;Marketing;Single
46;3;3;1;1;13225;2;3;19;0;Sales;Technical Degree;Divorced
27;23;1;2;3;3540;1;3;9;0;Sales;Medical;Married
29;6;1;4;2;2804;1;3;1;0;Human Resources;Medical;Married
43;6;3;1;3;19392;7;3;16;0;Research & Development;Medical;Married
48;10;3;4;2;19665;4;3;22;0;Research & Development;Life Sciences;Married
29;24;2;4;4;2439;1;2;1;1;Research & Development;Life Sciences;Single
46;10;3;3;2;7314;5;3;8;1;Sales;Life Sciences;Married
27;15;3;4;1;4774;0;2;7;0;Research & Development;Life Sciences;Married
39;19;4;4;4;3902;8;3;2;0;Research & Development;Other;Divorced
55;2;4;2;4;2662;8;4;5;0;Research & Development;Technical Degree;Married
28;3;3;2;2;2856;1;3;1;0;Sales;Medical;Married
30;9;3;2;4;1081;1;2;1;1;Sales;Medical;Single
22;7;1;4;2;2472;1;3;1;1;Research & Development;Life Sciences;Single
36;10;4;2;3;5673;1;3;10;0;Sales;Technical Degree;Married
31;20;3;2;3;4197;1;3;10;0;Research & Development;Life Sciences;Divorced
34;4;3;3;4;9713;2;3;5;0;Sales;Life Sciences;Married
29;7;3;4;1;2062;3;3;3;0;Research & Development;Life Sciences;Single
37;7;4;4;1;4284;5;3;5;0;Research & Development;Medical;Married
35;16;2;4;2;4788;0;3;3;0;Research & Development;Other;Married
45;25;2;2;4;5906;0;2;9;0;Research & Development;Life Sciences;Married
36;2;1;2;4;3886;1;2;10;0;Human Resources;Human Resources;Single
40;1;4;1;1;16823;2;3;19;0;Research & Development;Life Sciences;Divorced
26;1;2;2;3;2933;1;2;1;0;Research & Development;Life Sciences;Married
27;2;2;1;3;6500;0;2;8;0;Sales;Medical;Single
48;22;3;4;4;17174;3;3;22;0;Research & Development;Medical;Divorced
44;1;4;2;1;5033;2;3;2;0;Research & Development;Life Sciences;Married
34;16;4;4;1;2307;1;3;5;1;Research & Development;Technical Degree;Married
56;24;2;1;4;2587;1;3;4;1;Research & Development;Life Sciences;Single
36;17;2;3;2;5507;2;1;4;0;Sales;Marketing;Married
41;8;3;3;2;4393;5;3;5;0;Sales;Marketing;Married
42;6;3;3;1;13348;9;4;13;0;Research & Development;Medical;Married
31;10;2;3;4;6583;2;3;5;0;Sales;Medical;Divorced
34;3;1;4;4;8103;3;2;4;0;Sales;Medical;Married
31;4;3;1;3;3978;8;2;2;0;Research & Development;Medical;Divorced
26;6;3;3;4;2544;0;3;7;0;Research & Development;Other;Married
45;1;4;2;3;5399;4;3;4;0;Research & Development;Medical;Single
33;10;4;2;3;5487;1;2;10;0;Sales;Marketing;Single
28;1;2;3;4;6834;1;3;7;0;Sales;Life Sciences;Married
29;24;3;3;1;1091;1;3;1;1;Sales;Technical Degree;Single
39;21;4;1;3;5736;6;3;3;0;Sales;Life Sciences;Married
27;2;4;2;2;2226;1;2;5;0;Research & Development;Technical Degree;Married
34;22;4;3;4;5747;1;3;15;0;Research & Development;Other;Married
28;13;2;4;3;9854;3;3;2;1;Sales;Marketing;Single
47;14;4;3;2;5467;8;4;8;0;Research & Development;Technical Degree;Married
56;11;5;4;1;5380;4;3;0;0;Sales;Marketing;Married
39;9;2;1;1;5151;1;3;10;0;Research & Development;Medical;Married
38;8;3;4;2;2133;1;3;20;0;Research & Development;Medical;Divorced
58;21;3;4;4;17875;4;2;1;0;Sales;Life Sciences;Married
32;5;2;1;3;2432;3;3;4;1;Research & Development;Life Sciences;Single
38;9;2;2;4;4771;2;4;5;0;Research & Development;Life Sciences;Divorced
49;2;1;2;4;19161;3;3;5;0;Research & Development;Life Sciences;Married
42;12;4;2;4;5087;3;3;0;0;Sales;Marketing;Divorced
27;22;3;1;2;2863;1;3;1;1;Human Resources;Human Resources;Married
35;18;4;2;1;5561;0;1;5;0;Sales;Medical;Married
28;16;3;3;3;2144;1;2;5;0;Research & Development;Medical;Single
31;3;2;3;1;3065;1;4;4;0;Research & Development;Medical;Divorced
36;9;4;1;2;2810;1;3;5;0;Research & Development;Life Sciences;Married
34;1;3;1;4;9888;1;2;14;0;Sales;Marketing;Single
34;13;4;4;3;8628;1;2;8;0;Sales;Medical;Divorced
26;1;3;3;1;2867;0;2;7;0;Research & Development;Medical;Single
29;1;3;1;1;5373;0;2;5;0;Research & Development;Life Sciences;Married
32;15;4;3;4;6667;5;3;5;0;Research & Development;Medical;Divorced
31;1;3;4;1;5003;1;3;10;0;Research & Development;Life Sciences;Married
28;17;3;3;4;2367;5;2;4;1;Research & Development;Technical Degree;Divorced
38;1;3;1;1;2858;4;2;1;0;Sales;Life Sciences;Single
35;7;4;3;4;5204;1;3;10;0;Sales;Life Sciences;Married
27;9;3;4;4;4105;1;3;7;0;Sales;Marketing;Single
32;5;4;4;4;9679;8;3;1;0;Research & Development;Life Sciences;Single
31;26;4;1;4;5617;1;3;10;1;Sales;Marketing;Married
53;24;4;1;1;10448;6;2;2;1;Sales;Life Sciences;Single
54;9;2;1;3;2897;3;2;4;0;Research & Development;Life Sciences;Married
33;7;2;4;3;5968;1;3;9;0;Research & Development;Life Sciences;Divorced
43;11;3;1;3;7510;1;3;10;0;Research & Development;Life Sciences;Married
38;1;4;4;2;2991;0;3;6;0;Human Resources;Other;Married
55;26;4;3;2;19636;4;3;10;0;Human Resources;Human Resources;Married
31;2;1;4;4;1129;1;3;1;0;Research & Development;Medical;Divorced
39;15;4;2;1;13341;0;3;20;0;Sales;Marketing;Single
42;23;2;4;3;4332;1;3;20;0;Research & Development;Life Sciences;Single
31;10;3;3;3;11031;4;4;11;0;Research & Development;Medical;Married
54;10;3;3;1;4440;6;3;5;0;Research & Development;Medical;Single
24;1;2;2;3;4617;1;2;4;0;Research & Development;Life Sciences;Single
23;12;2;4;4;2647;1;4;5;0;Research & Development;Other;Single
40;11;3;4;3;6323;1;4;10;0;Research & Development;Technical Degree;Married
40;2;2;2;2;5677;3;3;11;0;Sales;Marketing;Married
25;2;3;3;2;2187;4;3;2;0;Human Resources;Human Resources;Married
30;1;2;4;2;3748;1;2;12;0;Research & Development;Medical;Married
25;2;1;4;3;3977;6;2;2;0;Research & Development;Other;Divorced
47;25;3;1;3;8633;2;3;17;0;Research & Development;Medical;Single
33;1;2;2;3;2008;1;2;1;0;Research & Development;Medical;Divorced
38;1;4;4;2;4440;0;3;15;0;Sales;Life Sciences;Married
31;2;2;1;3;3067;0;3;2;0;Sales;Life Sciences;Married
38;6;4;1;3;5321;2;3;8;0;Research & Development;Life Sciences;Married
42;18;4;4;1;5410;6;2;4;0;Research & Development;Life Sciences;Divorced
41;1;3;4;4;2782;3;3;5;0;Research & Development;Life Sciences;Married
47;1;1;3;2;11957;0;1;13;0;Research & Development;Medical;Married
35;11;4;4;3;2660;7;3;2;0;Research & Development;Medical;Married
22;1;2;4;3;3375;0;4;3;0;Research & Development;Life Sciences;Single
35;9;4;2;3;5098;1;3;10;0;Research & Development;Medical;Single
33;15;2;2;4;4878;0;3;9;0;Research & Development;Medical;Married
32;29;4;3;2;2837;1;3;6;0;Research & Development;Life Sciences;Single
40;1;4;1;4;2406;8;2;1;0;Research & Development;Life Sciences;Married
32;1;4;2;2;2269;0;3;2;0;Sales;Medical;Married
39;24;1;1;4;4108;7;3;7;0;Research & Development;Life Sciences;Single
38;10;3;2;3;13206;3;3;18;0;Research & Development;Medical;Married
32;1;4;3;4;10422;1;3;14;0;Sales;Marketing;Married
37;10;3;3;4;13744;1;3;16;0;Research & Development;Life Sciences;Married
25;8;2;1;3;4907;0;2;5;0;Sales;Other;Divorced
52;29;4;1;4;3482;2;2;9;0;Sales;Life Sciences;Divorced
44;1;3;2;4;2436;6;3;4;0;Research & Development;Medical;Single
21;5;1;3;1;2380;1;3;2;0;Sales;Medical;Single
39;9;3;4;4;19431;2;2;6;0;Research & Development;Life Sciences;Single
23;9;3;4;1;1790;1;2;1;1;Sales;Marketing;Married
36;3;3;1;4;7644;0;3;9;0;Sales;Medical;Married
36;4;2;4;2;5131;7;3;4;0;Research & Development;Life Sciences;Divorced
56;1;4;3;3;6306;1;2;13;0;Research & Development;Life Sciences;Divorced
29;1;4;1;4;4787;9;4;2;1;Research & Development;Medical;Married
42;2;3;1;3;18880;5;2;22;0;Research & Development;Life Sciences;Married
56;7;2;4;3;2339;8;1;10;1;Research & Development;Technical Degree;Married
41;28;4;1;2;13570;0;3;20;0;Research & Development;Life Sciences;Married
34;28;3;4;3;6712;1;3;8;0;Sales;Marketing;Married
36;15;4;4;4;5406;1;2;15;0;Sales;Marketing;Divorced
41;3;3;3;2;8938;2;3;5;0;Sales;Life Sciences;Divorced
32;2;3;4;1;2439;1;3;4;0;Research & Development;Technical Degree;Single
35;26;4;3;4;8837;1;3;9;0;Human Resources;Life Sciences;Single
38;10;2;1;4;5343;1;3;10;0;Sales;Life Sciences;Married
50;1;4;2;3;6728;7;3;6;1;Sales;Life Sciences;Divorced
36;11;4;2;4;6652;4;2;6;0;Sales;Marketing;Married
45;20;3;4;3;4850;8;3;5;0;Sales;Life Sciences;Single
40;2;4;3;3;2809;2;3;2;0;Research & Development;Life Sciences;Single
35;18;4;3;3;5689;1;4;10;0;Research & Development;Life Sciences;Married
40;2;4;3;3;2001;2;3;5;0;Research & Development;Medical;Married
35;1;4;3;4;2977;1;3;4;0;Research & Development;Life Sciences;Married
29;13;2;4;2;4025;4;3;4;0;Research & Development;Other;Married
29;28;4;4;1;3785;1;1;5;0;Research & Development;Medical;Single
50;28;3;4;1;10854;4;3;3;1;Sales;Marketing;Divorced
39;24;1;2;4;12031;0;2;20;0;Sales;Marketing;Married
31;5;3;2;1;9936;0;3;9;0;Research & Development;Medical;Single
26;5;3;4;3;2966;0;3;4;0;Sales;Other;Single
36;23;2;3;4;2571;4;3;5;0;Research & Development;Medical;Married
39;6;1;4;1;9991;4;3;7;0;Research & Development;Medical;Married
27;4;3;2;2;6142;1;3;6;0;Research & Development;Life Sciences;Married
49;2;3;4;2;5390;2;2;9;0;Sales;Medical;Married
34;8;3;2;3;4404;2;4;4;0;Research & Development;Medical;Married
